,NAME,Country Code,Year,Periodicity,Source,Methodology,Average
0,Afghanistan,AFG,2005,53,20,20,31
1,Angola,AGO,2005,67,30,40,46
2,Albania,ALB,2005,73,100,60,78
3,Argentina,ARG,2005,97,80,90,89
4,Armenia,ARM,2005,83,80,90,84
5,Antigua and Barbuda,ATG,2005,50,40,20,37
6,Azerbaijan,AZE,2005,87,80,70,79
7,Burundi,BDI,2005,77,20,40,46
8,Benin,BEN,2005,80,50,40,57
9,Burkina Faso,BFA,2005,90,60,50,67
10,Bangladesh,BGD,2005,77,80,60,72
11,Bulgaria,BGR,2005,90,80,90,87
12,Bosnia and Herzegovina,BIH,2005,57,60,40,52
13,Belarus,BLR,2005,80,80,90,83
14,Belize,BLZ,2005,90,60,50,67
15,Bolivia,BOL,2005,100,60,50,70
16,Brazil,BRA,2005,80,80,100,87
17,Bhutan,BTN,2005,73,60,40,58
18,Botswana,BWA,2005,87,80,50,72
19,Central African Republic,CAF,2005,70,50,10,43
20,Chile,CHL,2005,93,100,80,91
21,China,CHN,2005,73,70,50,64
22,Cote d'Ivoire,CIV,2005,90,80,70,80
23,Cameroon,CMR,2005,80,30,40,50
24,"Congo, Dem. Rep.",COD,2005,53,20,50,41
25,"Congo, Rep.",COG,2005,63,30,40,44
26,Colombia,COL,2005,87,60,90,79
27,Comoros,COM,2005,80,70,20,57
28,Cabo Verde,CPV,2005,77,90,40,69
29,Costa Rica,CRI,2005,97,60,70,76
30,Djibouti,DJI,2005,70,40,40,50
31,Dominica,DMA,2005,70,60,50,60
32,Dominican Republic,DOM,2005,90,60,60,70
33,Algeria,DZA,2005,80,60,50,63
34,Ecuador,ECU,2005,90,80,90,87
35,"Egypt, Arab Rep.",EGY,2005,93,100,70,88
36,Eritrea,ERI,2005,80,20,20,40
37,Ethiopia,ETH,2005,83,80,40,68
38,Fiji,FJI,2005,80,40,40,53
39,"Micronesia, Fed. Sts.",FSM,2005,50,20,20,30
40,Gabon,GAB,2005,63,50,30,48
41,Georgia,GEO,2005,97,100,60,86
42,Ghana,GHA,2005,90,40,30,53
43,Guinea,GIN,2005,87,70,30,62
44,"Gambia, The",GMB,2005,73,80,30,61
45,Guinea-Bissau,GNB,2005,70,20,10,33
46,Equatorial Guinea,GNQ,2005,73,20,10,34
47,Grenada,GRD,2005,57,60,40,52
48,Guatemala,GTM,2005,93,100,40,78
49,Guyana,GUY,2005,87,30,50,56
50,Honduras,HND,2005,70,60,50,60
51,Croatia,HRV,2005,97,100,90,96
52,Haiti,HTI,2005,67,30,20,39
53,Indonesia,IDN,2005,93,80,80,84
54,India,IND,2005,83,80,70,78
55,"Iran, Islamic Rep.",IRN,2005,87,70,60,72
56,Iraq,IRQ,2005,60,50,10,40
57,Jamaica,JAM,2005,93,80,60,78
58,Jordan,JOR,2005,63,70,80,71
59,Kazakhstan,KAZ,2005,93,80,90,88
60,Kenya,KEN,2005,87,50,40,59
61,Kyrgyz Republic,KGZ,2005,93,100,80,91
62,Cambodia,KHM,2005,83,60,60,68
63,Kiribati,KIR,2005,67,20,10,32
64,St. Kitts and Nevis,KNA,2005,63,60,40,54
65,Lao PDR,LAO,2005,90,70,50,70
66,Lebanon,LBN,2005,77,30,40,49
67,Liberia,LBR,2005,60,0,10,23
68,Libya,LBY,2005,47,40,40,42
69,St. Lucia,LCA,2005,70,60,50,60
70,Sri Lanka,LKA,2005,80,100,50,77
71,Lesotho,LSO,2005,93,70,50,71
72,Morocco,MAR,2005,87,80,70,79
73,Moldova,MDA,2005,90,90,70,83
74,Madagascar,MDG,2005,90,60,40,63
75,Maldives,MDV,2005,73,70,70,71
76,Mexico,MEX,2005,87,50,80,72
77,Marshall Islands,MHL,2005,57,30,10,32
78,"Macedonia, FYR",MKD,2005,83,80,70,78
79,Mali,MLI,2005,83,60,30,58
80,Myanmar,MMR,2005,87,50,50,62
81,Montenegro,MNE,2005,37,80,40,52
82,Mongolia,MNG,2005,87,80,70,79
83,Mozambique,MOZ,2005,80,80,50,70
84,Mauritania,MRT,2005,83,60,20,54
85,Mauritius,MUS,2005,63,60,80,68
86,Malawi,MWI,2005,83,50,60,64
87,Malaysia,MYS,2005,97,60,80,79
88,Namibia,NAM,2005,87,50,40,59
89,Niger,NER,2005,97,60,40,66
90,Nigeria,NGA,2005,70,40,40,50
91,Nicaragua,NIC,2005,100,80,70,83
92,Nepal,NPL,2005,87,80,60,76
93,Pakistan,PAK,2005,80,80,80,80
94,Panama,PAN,2005,87,80,60,76
95,Peru,PER,2005,93,60,100,84
96,Philippines,PHL,2005,90,100,70,87
97,Palau,PLW,2005,50,40,20,37
98,Papua New Guinea,PNG,2005,67,20,60,49
99,Poland,POL,2005,80,80,100,87
100,Paraguay,PRY,2005,87,50,50,62
101,Romania,ROU,2005,100,100,80,93
102,Russian Federation,RUS,2005,73,100,90,88
103,Rwanda,RWA,2005,90,60,40,63
104,Sudan,SDN,2005,73,0,20,31
105,Senegal,SEN,2005,90,80,60,77
106,Solomon Islands,SLB,2005,53,20,20,31
107,Sierra Leone,SLE,2005,60,40,20,40
108,El Salvador,SLV,2005,93,60,70,74
109,Somalia,SOM,2005,47,20,0,22
110,Serbia,SRB,2005,67,80,40,62
111,Sao Tome and Principe,STP,2005,63,60,30,51
112,Suriname,SUR,2005,70,50,30,50
113,Swaziland,SWZ,2005,87,80,30,66
114,Seychelles,SYC,2005,63,70,50,61
115,Syrian Arab Republic,SYR,2005,73,40,70,61
116,Chad,TCD,2005,83,40,60,61
117,Togo,TGO,2005,80,40,30,50
118,Thailand,THA,2005,77,80,90,82
119,Tajikistan,TJK,2005,83,100,40,74
120,Turkmenistan,TKM,2005,57,60,20,46
121,Timor-Leste,TLS,2005,27,50,20,32
122,Tonga,TON,2005,60,60,40,53
123,Trinidad and Tobago,TTO,2005,83,60,70,71
124,Tunisia,TUN,2005,93,70,70,78
125,Turkey,TUR,2005,83,80,80,81
126,Tanzania,TZA,2005,80,60,50,63
127,Uganda,UGA,2005,87,60,60,69
128,Ukraine,UKR,2005,90,80,90,87
129,Uruguay,URY,2005,87,100,70,86
130,Uzbekistan,UZB,2005,70,60,50,60
131,St. Vincent and the Grenadines,VCT,2005,60,60,60,60
132,"Venezuela, RB",VEN,2005,97,80,70,82
133,Vietnam,VNM,2005,83,80,50,71
134,Vanuatu,VUT,2005,73,20,40,44
135,Samoa,WSM,2005,67,50,50,56
136,"Yemen, Rep.",YEM,2005,80,50,40,57
137,South Africa,ZAF,2005,90,80,90,87
138,Zambia,ZMB,2005,87,60,40,62
139,Zimbabwe,ZWE,2005,63,50,70,61
140,Afghanistan,AFG,2006,57,20,20,32
141,Angola,AGO,2006,67,30,40,46
142,Albania,ALB,2006,73,100,70,81
143,Argentina,ARG,2006,97,80,90,89
144,Armenia,ARM,2006,90,80,90,87
145,Antigua and Barbuda,ATG,2006,50,40,20,37
146,Azerbaijan,AZE,2006,87,80,70,79
147,Burundi,BDI,2006,73,20,40,44
148,Benin,BEN,2006,83,40,40,54
149,Burkina Faso,BFA,2006,90,60,50,67
150,Bangladesh,BGD,2006,77,80,70,76
151,Bulgaria,BGR,2006,90,100,90,93
152,Bosnia and Herzegovina,BIH,2006,57,60,50,56
153,Belarus,BLR,2006,80,70,90,80
154,Belize,BLZ,2006,87,60,50,66
155,Bolivia,BOL,2006,93,60,50,68
156,Brazil,BRA,2006,90,80,100,90
157,Bhutan,BTN,2006,67,80,40,62
158,Botswana,BWA,2006,87,70,30,62
159,Central African Republic,CAF,2006,70,50,10,43
160,Chile,CHL,2006,93,100,80,91
161,China,CHN,2006,73,70,30,58
162,Cote d'Ivoire,CIV,2006,87,80,60,76
163,Cameroon,CMR,2006,80,50,60,63
164,"Congo, Dem. Rep.",COD,2006,53,20,40,38
165,"Congo, Rep.",COG,2006,63,40,50,51
166,Colombia,COL,2006,87,60,80,76
167,Comoros,COM,2006,77,70,20,56
168,Cabo Verde,CPV,2006,80,100,40,73
169,Costa Rica,CRI,2006,97,60,80,79
170,Djibouti,DJI,2006,77,40,40,52
171,Dominica,DMA,2006,70,60,50,60
172,Dominican Republic,DOM,2006,93,60,40,64
173,Algeria,DZA,2006,80,60,50,63
174,Ecuador,ECU,2006,90,80,90,87
175,"Egypt, Arab Rep.",EGY,2006,93,100,80,91
176,Eritrea,ERI,2006,87,20,20,42
177,Ethiopia,ETH,2006,83,60,50,64
178,Fiji,FJI,2006,83,40,40,54
179,"Micronesia, Fed. Sts.",FSM,2006,53,20,20,31
180,Gabon,GAB,2006,60,40,20,40
181,Georgia,GEO,2006,97,100,60,86
182,Ghana,GHA,2006,87,50,30,56
183,Guinea,GIN,2006,83,60,30,58
184,"Gambia, The",GMB,2006,73,80,40,64
185,Guinea-Bissau,GNB,2006,73,20,30,41
186,Equatorial Guinea,GNQ,2006,70,20,0,30
187,Grenada,GRD,2006,60,60,50,57
188,Guatemala,GTM,2006,100,100,40,80
189,Guyana,GUY,2006,87,30,40,52
190,Honduras,HND,2006,67,60,50,59
191,Croatia,HRV,2006,93,100,90,94
192,Haiti,HTI,2006,67,30,20,39
193,Indonesia,IDN,2006,97,80,80,86
194,India,IND,2006,80,80,80,80
195,"Iran, Islamic Rep.",IRN,2006,90,70,60,73
196,Iraq,IRQ,2006,60,50,10,40
197,Jamaica,JAM,2006,90,80,60,77
198,Jordan,JOR,2006,73,70,70,71
199,Kazakhstan,KAZ,2006,97,80,90,89
200,Kenya,KEN,2006,87,50,40,59
201,Kyrgyz Republic,KGZ,2006,90,100,80,90
202,Cambodia,KHM,2006,83,60,70,71
203,Kiribati,KIR,2006,70,20,20,37
204,St. Kitts and Nevis,KNA,2006,70,60,50,60
205,Lao PDR,LAO,2006,90,70,50,70
206,Lebanon,LBN,2006,77,30,40,49
207,Liberia,LBR,2006,60,0,10,23
208,Libya,LBY,2006,47,40,30,39
209,St. Lucia,LCA,2006,70,60,50,60
210,Sri Lanka,LKA,2006,80,90,50,73
211,Lesotho,LSO,2006,90,70,50,70
212,Morocco,MAR,2006,87,80,80,82
213,Moldova,MDA,2006,90,80,90,87
214,Madagascar,MDG,2006,87,60,50,66
215,Maldives,MDV,2006,73,70,70,71
216,Mexico,MEX,2006,87,50,70,69
217,Marshall Islands,MHL,2006,57,30,10,32
218,"Macedonia, FYR",MKD,2006,83,70,70,74
219,Mali,MLI,2006,87,80,40,69
220,Myanmar,MMR,2006,83,50,50,61
221,Montenegro,MNE,2006,40,80,40,53
222,Mongolia,MNG,2006,87,80,70,79
223,Mozambique,MOZ,2006,80,80,50,70
224,Mauritania,MRT,2006,83,60,40,61
225,Mauritius,MUS,2006,63,60,80,68
226,Malawi,MWI,2006,83,60,60,68
227,Malaysia,MYS,2006,93,80,80,84
228,Namibia,NAM,2006,80,50,40,57
229,Niger,NER,2006,87,70,50,69
230,Nigeria,NGA,2006,73,40,30,48
231,Nicaragua,NIC,2006,100,80,50,77
232,Nepal,NPL,2006,90,80,70,80
233,Pakistan,PAK,2006,83,80,80,81
234,Panama,PAN,2006,87,80,60,76
235,Peru,PER,2006,90,60,90,80
236,Philippines,PHL,2006,90,100,60,83
237,Palau,PLW,2006,53,40,20,38
238,Papua New Guinea,PNG,2006,67,30,60,52
239,Poland,POL,2006,80,80,100,87
240,Paraguay,PRY,2006,87,60,40,62
241,Romania,ROU,2006,100,100,90,97
242,Russian Federation,RUS,2006,70,80,80,77
243,Rwanda,RWA,2006,83,60,50,64
244,Sudan,SDN,2006,70,0,30,33
245,Senegal,SEN,2006,90,70,60,73
246,Solomon Islands,SLB,2006,53,20,20,31
247,Sierra Leone,SLE,2006,60,40,30,43
248,El Salvador,SLV,2006,93,60,70,74
249,Somalia,SOM,2006,50,20,0,23
250,Serbia,SRB,2006,73,80,40,64
251,Sao Tome and Principe,STP,2006,63,60,30,51
252,Suriname,SUR,2006,73,50,30,51
253,Swaziland,SWZ,2006,90,80,30,67
254,Seychelles,SYC,2006,63,70,50,61
255,Syrian Arab Republic,SYR,2006,73,40,70,61
256,Chad,TCD,2006,83,40,60,61
257,Togo,TGO,2006,80,40,40,53
258,Thailand,THA,2006,77,80,90,82
259,Tajikistan,TJK,2006,83,80,50,71
260,Turkmenistan,TKM,2006,60,60,20,47
261,Timor-Leste,TLS,2006,37,50,10,32
262,Tonga,TON,2006,57,60,40,52
263,Trinidad and Tobago,TTO,2006,80,60,80,73
264,Tunisia,TUN,2006,90,70,70,77
265,Turkey,TUR,2006,90,80,70,80
266,Tanzania,TZA,2006,73,60,50,61
267,Uganda,UGA,2006,90,60,60,70
268,Ukraine,UKR,2006,93,80,90,88
269,Uruguay,URY,2006,90,100,80,90
270,Uzbekistan,UZB,2006,73,60,40,58
271,St. Vincent and the Grenadines,VCT,2006,67,60,60,62
272,"Venezuela, RB",VEN,2006,97,80,70,82
273,Vietnam,VNM,2006,87,80,50,72
274,Vanuatu,VUT,2006,73,20,60,51
275,Samoa,WSM,2006,67,50,40,52
276,"Yemen, Rep.",YEM,2006,77,60,50,62
277,South Africa,ZAF,2006,90,80,100,90
278,Zambia,ZMB,2006,87,60,20,56
279,Zimbabwe,ZWE,2006,63,50,60,58
280,Afghanistan,AFG,2007,63,20,20,34
281,Angola,AGO,2007,67,20,40,42
282,Albania,ALB,2007,70,100,70,80
283,Argentina,ARG,2007,97,80,80,86
284,Armenia,ARM,2007,90,80,100,90
285,Antigua and Barbuda,ATG,2007,50,40,20,37
286,Azerbaijan,AZE,2007,87,80,70,79
287,Burundi,BDI,2007,77,30,40,49
288,Benin,BEN,2007,83,50,40,58
289,Burkina Faso,BFA,2007,93,60,40,64
290,Bangladesh,BGD,2007,77,80,70,76
291,Bulgaria,BGR,2007,90,100,90,93
292,Bosnia and Herzegovina,BIH,2007,57,60,50,56
293,Belarus,BLR,2007,80,80,90,83
294,Belize,BLZ,2007,87,50,50,62
295,Bolivia,BOL,2007,93,60,50,68
296,Brazil,BRA,2007,93,80,100,91
297,Bhutan,BTN,2007,73,60,40,58
298,Botswana,BWA,2007,87,70,30,62
299,Central African Republic,CAF,2007,73,50,10,44
300,Chile,CHL,2007,93,100,90,94
301,China,CHN,2007,73,60,50,61
302,Cote d'Ivoire,CIV,2007,83,70,60,71
303,Cameroon,CMR,2007,80,50,60,63
304,"Congo, Dem. Rep.",COD,2007,53,20,40,38
305,"Congo, Rep.",COG,2007,67,40,50,52
306,Colombia,COL,2007,87,80,90,86
307,Comoros,COM,2007,77,60,30,56
308,Cabo Verde,CPV,2007,83,100,40,74
309,Costa Rica,CRI,2007,93,60,80,78
310,Djibouti,DJI,2007,80,20,30,43
311,Dominica,DMA,2007,70,40,50,53
312,Dominican Republic,DOM,2007,90,60,50,67
313,Algeria,DZA,2007,80,50,50,60
314,Ecuador,ECU,2007,90,80,90,87
315,"Egypt, Arab Rep.",EGY,2007,93,100,70,88
316,Eritrea,ERI,2007,83,10,20,38
317,Ethiopia,ETH,2007,83,60,60,68
318,Fiji,FJI,2007,77,40,40,52
319,"Micronesia, Fed. Sts.",FSM,2007,53,20,20,31
320,Gabon,GAB,2007,60,40,20,40
321,Georgia,GEO,2007,97,100,60,86
322,Ghana,GHA,2007,87,50,30,56
323,Guinea,GIN,2007,93,60,30,61
324,"Gambia, The",GMB,2007,77,80,30,62
325,Guinea-Bissau,GNB,2007,63,20,20,34
326,Equatorial Guinea,GNQ,2007,70,20,0,30
327,Grenada,GRD,2007,60,40,50,50
328,Guatemala,GTM,2007,100,100,40,80
329,Guyana,GUY,2007,83,40,40,54
330,Honduras,HND,2007,70,80,50,67
331,Croatia,HRV,2007,93,90,80,88
332,Haiti,HTI,2007,67,30,20,39
333,Indonesia,IDN,2007,100,80,90,90
334,India,IND,2007,67,80,90,79
335,"Iran, Islamic Rep.",IRN,2007,90,80,70,80
336,Iraq,IRQ,2007,57,60,20,46
337,Jamaica,JAM,2007,90,80,60,77
338,Jordan,JOR,2007,73,70,70,71
339,Kazakhstan,KAZ,2007,97,100,90,96
340,Kenya,KEN,2007,87,60,40,62
341,Kyrgyz Republic,KGZ,2007,93,100,80,91
342,Cambodia,KHM,2007,87,60,70,72
343,Kiribati,KIR,2007,70,20,20,37
344,St. Kitts and Nevis,KNA,2007,70,60,60,63
345,Lao PDR,LAO,2007,87,70,50,69
346,Lebanon,LBN,2007,77,40,30,49
347,Liberia,LBR,2007,57,0,10,22
348,Libya,LBY,2007,53,40,30,41
349,St. Lucia,LCA,2007,73,60,50,61
350,Sri Lanka,LKA,2007,73,100,60,78
351,Lesotho,LSO,2007,83,60,40,61
352,Morocco,MAR,2007,87,80,80,82
353,Moldova,MDA,2007,90,80,90,87
354,Madagascar,MDG,2007,87,60,50,66
355,Maldives,MDV,2007,73,70,50,64
356,Mexico,MEX,2007,90,50,70,70
357,Marshall Islands,MHL,2007,60,40,10,37
358,"Macedonia, FYR",MKD,2007,83,70,70,74
359,Mali,MLI,2007,83,80,40,68
360,Myanmar,MMR,2007,83,40,50,58
361,Montenegro,MNE,2007,43,80,50,58
362,Mongolia,MNG,2007,90,80,70,80
363,Mozambique,MOZ,2007,87,80,40,69
364,Mauritania,MRT,2007,83,60,40,61
365,Mauritius,MUS,2007,63,60,80,68
366,Malawi,MWI,2007,87,80,60,76
367,Malaysia,MYS,2007,93,80,70,81
368,Namibia,NAM,2007,77,60,40,59
369,Niger,NER,2007,87,70,50,69
370,Nigeria,NGA,2007,80,60,40,60
371,Nicaragua,NIC,2007,90,80,60,77
372,Nepal,NPL,2007,83,80,60,74
373,Pakistan,PAK,2007,87,80,90,86
374,Panama,PAN,2007,90,80,60,77
375,Peru,PER,2007,87,60,90,79
376,Philippines,PHL,2007,97,100,70,89
377,Palau,PLW,2007,53,40,10,34
378,Papua New Guinea,PNG,2007,63,30,50,48
379,Poland,POL,2007,80,80,100,87
380,Paraguay,PRY,2007,87,60,50,66
381,Romania,ROU,2007,100,100,90,97
382,Russian Federation,RUS,2007,70,100,80,83
383,Rwanda,RWA,2007,80,60,60,67
384,Sudan,SDN,2007,70,10,30,37
385,Senegal,SEN,2007,93,70,70,78
386,Solomon Islands,SLB,2007,53,20,20,31
387,Sierra Leone,SLE,2007,63,40,40,48
388,El Salvador,SLV,2007,93,60,70,74
389,Somalia,SOM,2007,50,20,10,27
390,Serbia,SRB,2007,77,80,50,69
391,Sao Tome and Principe,STP,2007,70,70,40,60
392,Suriname,SUR,2007,77,60,30,56
393,Swaziland,SWZ,2007,90,70,20,60
394,Seychelles,SYC,2007,63,70,60,64
395,Syrian Arab Republic,SYR,2007,70,40,60,57
396,Chad,TCD,2007,87,30,40,52
397,Togo,TGO,2007,83,40,40,54
398,Thailand,THA,2007,73,80,90,81
399,Tajikistan,TJK,2007,87,80,50,72
400,Turkmenistan,TKM,2007,57,40,40,46
401,Timor-Leste,TLS,2007,47,50,10,36
402,Tonga,TON,2007,60,60,50,57
403,Trinidad and Tobago,TTO,2007,77,70,80,76
404,Tunisia,TUN,2007,90,70,70,77
405,Turkey,TUR,2007,87,80,70,79
406,Tanzania,TZA,2007,73,60,50,61
407,Uganda,UGA,2007,93,60,60,71
408,Ukraine,UKR,2007,93,80,80,84
409,Uruguay,URY,2007,90,100,80,90
410,Uzbekistan,UZB,2007,73,60,40,58
411,St. Vincent and the Grenadines,VCT,2007,67,60,60,62
412,"Venezuela, RB",VEN,2007,100,90,70,87
413,Vietnam,VNM,2007,83,80,50,71
414,Vanuatu,VUT,2007,67,30,50,49
415,Samoa,WSM,2007,60,50,40,50
416,"Yemen, Rep.",YEM,2007,87,60,50,66
417,South Africa,ZAF,2007,93,80,100,91
418,Zambia,ZMB,2007,87,60,30,59
419,Zimbabwe,ZWE,2007,63,40,50,51
420,Afghanistan,AFG,2008,67,30,40,46
421,Angola,AGO,2008,67,10,50,42
422,Albania,ALB,2008,70,100,60,77
423,Argentina,ARG,2008,90,80,90,87
424,Armenia,ARM,2008,97,80,100,92
425,Antigua and Barbuda,ATG,2008,50,60,30,47
426,Azerbaijan,AZE,2008,87,80,70,79
427,Burundi,BDI,2008,77,30,40,49
428,Benin,BEN,2008,80,60,30,57
429,Burkina Faso,BFA,2008,90,60,40,63
430,Bangladesh,BGD,2008,80,80,40,67
431,Bulgaria,BGR,2008,93,100,90,94
432,Bosnia and Herzegovina,BIH,2008,60,60,50,57
433,Belarus,BLR,2008,80,80,90,83
434,Belize,BLZ,2008,83,50,50,61
435,Bolivia,BOL,2008,90,60,50,67
436,Brazil,BRA,2008,90,80,90,87
437,Bhutan,BTN,2008,70,80,40,63
438,Botswana,BWA,2008,83,70,40,64
439,Central African Republic,CAF,2008,73,50,20,48
440,Chile,CHL,2008,97,100,80,92
441,China,CHN,2008,73,60,50,61
442,Cote d'Ivoire,CIV,2008,80,70,40,63
443,Cameroon,CMR,2008,90,50,60,67
444,"Congo, Dem. Rep.",COD,2008,53,30,30,38
445,"Congo, Rep.",COG,2008,67,40,40,49
446,Colombia,COL,2008,87,80,80,82
447,Comoros,COM,2008,80,60,30,57
448,Cabo Verde,CPV,2008,80,100,40,73
449,Costa Rica,CRI,2008,90,60,80,77
450,Djibouti,DJI,2008,80,10,30,40
451,Dominica,DMA,2008,70,40,50,53
452,Dominican Republic,DOM,2008,93,60,50,68
453,Algeria,DZA,2008,77,50,50,59
454,Ecuador,ECU,2008,93,80,80,84
455,"Egypt, Arab Rep.",EGY,2008,90,100,70,87
456,Eritrea,ERI,2008,83,10,20,38
457,Ethiopia,ETH,2008,87,80,70,79
458,Fiji,FJI,2008,80,40,40,53
459,"Micronesia, Fed. Sts.",FSM,2008,53,20,30,34
460,Gabon,GAB,2008,60,40,10,37
461,Georgia,GEO,2008,97,100,70,89
462,Ghana,GHA,2008,87,50,40,59
463,Guinea,GIN,2008,87,50,30,56
464,"Gambia, The",GMB,2008,77,80,30,62
465,Guinea-Bissau,GNB,2008,63,20,10,31
466,Equatorial Guinea,GNQ,2008,70,20,0,30
467,Grenada,GRD,2008,60,40,40,47
468,Guatemala,GTM,2008,100,100,50,83
469,Guyana,GUY,2008,80,50,30,53
470,Honduras,HND,2008,70,80,60,70
471,Croatia,HRV,2008,90,90,90,90
472,Haiti,HTI,2008,63,30,30,41
473,Indonesia,IDN,2008,100,80,90,90
474,India,IND,2008,70,80,90,80
475,"Iran, Islamic Rep.",IRN,2008,90,80,70,80
476,Iraq,IRQ,2008,63,70,20,51
477,Jamaica,JAM,2008,83,80,50,71
478,Jordan,JOR,2008,80,70,70,73
479,Kazakhstan,KAZ,2008,97,100,90,96
480,Kenya,KEN,2008,83,60,50,64
481,Kyrgyz Republic,KGZ,2008,93,100,90,94
482,Cambodia,KHM,2008,87,60,70,72
483,Kiribati,KIR,2008,67,20,20,36
484,St. Kitts and Nevis,KNA,2008,63,60,60,61
485,Lao PDR,LAO,2008,83,70,50,68
486,Lebanon,LBN,2008,83,40,40,54
487,Liberia,LBR,2008,57,10,10,26
488,Libya,LBY,2008,53,40,30,41
489,St. Lucia,LCA,2008,73,60,40,58
490,Sri Lanka,LKA,2008,73,100,50,74
491,Lesotho,LSO,2008,83,60,40,61
492,Morocco,MAR,2008,90,60,90,80
493,Moldova,MDA,2008,90,80,90,87
494,Madagascar,MDG,2008,93,60,50,68
495,Maldives,MDV,2008,77,70,60,69
496,Mexico,MEX,2008,90,70,70,77
497,Marshall Islands,MHL,2008,63,50,10,41
498,"Macedonia, FYR",MKD,2008,83,90,70,81
499,Mali,MLI,2008,83,80,20,61
500,Myanmar,MMR,2008,83,40,50,58
501,Montenegro,MNE,2008,50,80,50,60
502,Mongolia,MNG,2008,90,80,70,80
503,Mozambique,MOZ,2008,87,80,40,69
504,Mauritania,MRT,2008,83,50,40,58
505,Mauritius,MUS,2008,63,70,80,71
506,Malawi,MWI,2008,90,80,50,73
507,Malaysia,MYS,2008,90,80,70,80
508,Namibia,NAM,2008,80,60,30,57
509,Niger,NER,2008,83,70,30,61
510,Nigeria,NGA,2008,83,80,40,68
511,Nicaragua,NIC,2008,90,80,40,70
512,Nepal,NPL,2008,83,70,50,68
513,Pakistan,PAK,2008,83,80,90,84
514,Panama,PAN,2008,90,80,50,73
515,Peru,PER,2008,90,60,90,80
516,Philippines,PHL,2008,97,100,80,92
517,Palau,PLW,2008,53,40,10,34
518,Papua New Guinea,PNG,2008,63,20,50,44
519,Poland,POL,2008,80,80,100,87
520,Paraguay,PRY,2008,90,60,50,67
521,Romania,ROU,2008,100,100,90,97
522,Russian Federation,RUS,2008,70,100,80,83
523,Rwanda,RWA,2008,80,60,60,67
524,Sudan,SDN,2008,67,10,30,36
525,Senegal,SEN,2008,87,70,60,72
526,Solomon Islands,SLB,2008,50,20,20,30
527,Sierra Leone,SLE,2008,60,50,30,47
528,El Salvador,SLV,2008,93,80,60,78
529,Somalia,SOM,2008,50,20,0,23
530,Serbia,SRB,2008,77,80,50,69
531,Sao Tome and Principe,STP,2008,70,70,40,60
532,Suriname,SUR,2008,77,60,30,56
533,Swaziland,SWZ,2008,83,70,30,61
534,Seychelles,SYC,2008,57,80,60,66
535,Syrian Arab Republic,SYR,2008,77,40,70,62
536,Chad,TCD,2008,93,30,30,51
537,Togo,TGO,2008,83,20,40,48
538,Thailand,THA,2008,73,80,90,81
539,Tajikistan,TJK,2008,90,80,50,73
540,Turkmenistan,TKM,2008,57,40,40,46
541,Timor-Leste,TLS,2008,57,60,10,42
542,Tonga,TON,2008,63,60,50,58
543,Trinidad and Tobago,TTO,2008,77,70,80,76
544,Tunisia,TUN,2008,83,70,70,74
545,Turkey,TUR,2008,93,80,80,84
546,Tanzania,TZA,2008,77,70,50,66
547,Uganda,UGA,2008,87,60,50,66
548,Ukraine,UKR,2008,93,80,80,84
549,Uruguay,URY,2008,97,100,80,92
550,Uzbekistan,UZB,2008,73,60,50,61
551,St. Vincent and the Grenadines,VCT,2008,63,60,40,54
552,"Venezuela, RB",VEN,2008,100,90,80,90
553,Vietnam,VNM,2008,87,80,50,72
554,Vanuatu,VUT,2008,67,50,60,59
555,Samoa,WSM,2008,63,50,40,51
556,"Yemen, Rep.",YEM,2008,83,60,50,64
557,South Africa,ZAF,2008,90,80,90,87
558,Zambia,ZMB,2008,87,60,30,59
559,Zimbabwe,ZWE,2008,57,40,30,42
560,Afghanistan,AFG,2009,70,40,30,47
561,Angola,AGO,2009,67,30,40,46
562,Albania,ALB,2009,73,100,60,78
563,Argentina,ARG,2009,93,80,90,88
564,Armenia,ARM,2009,100,80,100,93
565,Antigua and Barbuda,ATG,2009,53,60,20,44
566,Azerbaijan,AZE,2009,87,80,70,79
567,Burundi,BDI,2009,83,50,50,61
568,Benin,BEN,2009,80,60,30,57
569,Burkina Faso,BFA,2009,90,60,30,60
570,Bangladesh,BGD,2009,77,80,40,66
571,Bulgaria,BGR,2009,93,90,90,91
572,Bosnia and Herzegovina,BIH,2009,63,60,50,58
573,Belarus,BLR,2009,83,80,90,84
574,Belize,BLZ,2009,87,50,50,62
575,Bolivia,BOL,2009,90,60,60,70
576,Brazil,BRA,2009,90,80,90,87
577,Bhutan,BTN,2009,70,80,70,73
578,Botswana,BWA,2009,83,70,30,61
579,Central African Republic,CAF,2009,67,60,30,52
580,Chile,CHL,2009,97,100,80,92
581,China,CHN,2009,77,60,50,62
582,Cote d'Ivoire,CIV,2009,73,70,40,61
583,Cameroon,CMR,2009,90,50,50,63
584,"Congo, Dem. Rep.",COD,2009,53,30,20,34
585,"Congo, Rep.",COG,2009,73,40,50,54
586,Colombia,COL,2009,87,80,90,86
587,Comoros,COM,2009,80,60,20,53
588,Cabo Verde,CPV,2009,80,100,30,70
589,Costa Rica,CRI,2009,90,60,80,77
590,Djibouti,DJI,2009,80,10,30,40
591,Dominica,DMA,2009,70,40,50,53
592,Dominican Republic,DOM,2009,93,60,50,68
593,Algeria,DZA,2009,73,50,50,58
594,Ecuador,ECU,2009,93,80,80,84
595,"Egypt, Arab Rep.",EGY,2009,93,100,70,88
596,Eritrea,ERI,2009,77,0,20,32
597,Ethiopia,ETH,2009,90,80,70,80
598,Fiji,FJI,2009,80,50,40,57
599,"Micronesia, Fed. Sts.",FSM,2009,53,20,30,34
600,Gabon,GAB,2009,63,40,20,41
601,Georgia,GEO,2009,97,100,70,89
602,Ghana,GHA,2009,87,50,40,59
603,Guinea,GIN,2009,93,50,20,54
604,"Gambia, The",GMB,2009,77,80,30,62
605,Guinea-Bissau,GNB,2009,60,20,20,33
606,Equatorial Guinea,GNQ,2009,67,20,10,32
607,Grenada,GRD,2009,60,40,40,47
608,Guatemala,GTM,2009,97,100,60,86
609,Guyana,GUY,2009,87,50,30,56
610,Honduras,HND,2009,70,80,70,73
611,Croatia,HRV,2009,87,90,90,89
612,Haiti,HTI,2009,60,30,30,40
613,Indonesia,IDN,2009,100,80,80,87
614,India,IND,2009,67,80,80,76
615,"Iran, Islamic Rep.",IRN,2009,93,80,70,81
616,Iraq,IRQ,2009,63,50,10,41
617,Jamaica,JAM,2009,83,80,50,71
618,Jordan,JOR,2009,83,70,70,74
619,Kazakhstan,KAZ,2009,93,100,90,94
620,Kenya,KEN,2009,87,50,50,62
621,Kyrgyz Republic,KGZ,2009,93,90,90,91
622,Cambodia,KHM,2009,93,60,70,74
623,Kiribati,KIR,2009,70,20,10,33
624,St. Kitts and Nevis,KNA,2009,63,60,60,61
625,Lao PDR,LAO,2009,83,80,40,68
626,Lebanon,LBN,2009,83,40,40,54
627,Liberia,LBR,2009,57,30,10,32
628,Libya,LBY,2009,47,40,30,39
629,St. Lucia,LCA,2009,70,60,40,57
630,Sri Lanka,LKA,2009,67,100,60,76
631,Lesotho,LSO,2009,87,60,40,62
632,Morocco,MAR,2009,87,60,100,82
633,Moldova,MDA,2009,93,70,90,84
634,Madagascar,MDG,2009,93,60,50,68
635,Maldives,MDV,2009,73,50,60,61
636,Mexico,MEX,2009,90,70,80,80
637,Marshall Islands,MHL,2009,63,50,10,41
638,"Macedonia, FYR",MKD,2009,87,90,50,76
639,Mali,MLI,2009,90,80,20,63
640,Myanmar,MMR,2009,77,30,40,49
641,Montenegro,MNE,2009,60,80,30,57
642,Mongolia,MNG,2009,87,80,60,76
643,Mozambique,MOZ,2009,87,80,50,72
644,Mauritania,MRT,2009,87,60,50,66
645,Mauritius,MUS,2009,60,70,80,70
646,Malawi,MWI,2009,90,80,50,73
647,Malaysia,MYS,2009,83,80,90,84
648,Namibia,NAM,2009,80,40,30,50
649,Niger,NER,2009,87,70,30,62
650,Nigeria,NGA,2009,80,80,40,67
651,Nicaragua,NIC,2009,97,80,40,72
652,Nepal,NPL,2009,73,70,60,68
653,Pakistan,PAK,2009,90,80,80,83
654,Panama,PAN,2009,90,80,60,77
655,Peru,PER,2009,93,60,90,81
656,Philippines,PHL,2009,97,100,80,92
657,Palau,PLW,2009,53,40,10,34
658,Papua New Guinea,PNG,2009,67,20,60,49
659,Poland,POL,2009,80,80,100,87
660,Paraguay,PRY,2009,93,80,40,71
661,Romania,ROU,2009,97,100,90,96
662,Russian Federation,RUS,2009,73,100,80,84
663,Rwanda,RWA,2009,83,80,60,74
664,Sudan,SDN,2009,67,30,30,42
665,Senegal,SEN,2009,90,70,50,70
666,Solomon Islands,SLB,2009,50,20,30,33
667,Sierra Leone,SLE,2009,67,50,40,52
668,El Salvador,SLV,2009,93,100,60,84
669,Somalia,SOM,2009,53,20,0,24
670,Serbia,SRB,2009,87,80,60,76
671,Sao Tome and Principe,STP,2009,77,80,40,66
672,Suriname,SUR,2009,80,90,40,70
673,Swaziland,SWZ,2009,83,70,40,64
674,Seychelles,SYC,2009,57,80,60,66
675,Syrian Arab Republic,SYR,2009,73,40,50,54
676,Chad,TCD,2009,90,30,40,53
677,Togo,TGO,2009,83,20,40,48
678,Thailand,THA,2009,70,80,90,80
679,Tajikistan,TJK,2009,93,80,60,78
680,Turkmenistan,TKM,2009,57,40,40,46
681,Timor-Leste,TLS,2009,57,60,20,46
682,Tonga,TON,2009,57,60,60,59
683,Trinidad and Tobago,TTO,2009,73,70,60,68
684,Tunisia,TUN,2009,80,70,80,77
685,Turkey,TUR,2009,90,80,90,87
686,Tanzania,TZA,2009,80,70,40,63
687,Uganda,UGA,2009,87,60,40,62
688,Ukraine,UKR,2009,93,80,90,88
689,Uruguay,URY,2009,97,100,80,92
690,Uzbekistan,UZB,2009,73,60,40,58
691,St. Vincent and the Grenadines,VCT,2009,63,60,30,51
692,"Venezuela, RB",VEN,2009,100,90,70,87
693,Vietnam,VNM,2009,87,80,30,66
694,Vanuatu,VUT,2009,60,50,60,57
695,Samoa,WSM,2009,60,40,60,53
696,"Yemen, Rep.",YEM,2009,87,50,30,56
697,South Africa,ZAF,2009,83,80,80,81
698,Zambia,ZMB,2009,87,60,30,59
699,Zimbabwe,ZWE,2009,60,50,30,47
700,Afghanistan,AFG,2010,77,40,40,52
701,Angola,AGO,2010,67,30,40,46
702,Albania,ALB,2010,70,80,60,70
703,Argentina,ARG,2010,90,80,90,87
704,Armenia,ARM,2010,97,80,100,92
705,Antigua and Barbuda,ATG,2010,57,60,10,42
706,Azerbaijan,AZE,2010,87,80,70,79
707,Burundi,BDI,2010,83,40,40,54
708,Benin,BEN,2010,77,60,30,56
709,Burkina Faso,BFA,2010,97,60,30,62
710,Bangladesh,BGD,2010,77,80,50,69
711,Bulgaria,BGR,2010,93,90,90,91
712,Bosnia and Herzegovina,BIH,2010,67,60,60,62
713,Belarus,BLR,2010,87,80,90,86
714,Belize,BLZ,2010,83,50,50,61
715,Bolivia,BOL,2010,90,60,50,67
716,Brazil,BRA,2010,80,80,90,83
717,Bhutan,BTN,2010,77,80,70,76
718,Botswana,BWA,2010,80,70,30,60
719,Central African Republic,CAF,2010,77,60,30,56
720,Chile,CHL,2010,93,100,90,94
721,China,CHN,2010,77,60,60,66
722,Cote d'Ivoire,CIV,2010,77,50,50,59
723,Cameroon,CMR,2010,90,50,60,67
724,"Congo, Dem. Rep.",COD,2010,57,30,20,36
725,"Congo, Rep.",COG,2010,73,40,50,54
726,Colombia,COL,2010,93,80,80,84
727,Comoros,COM,2010,70,60,20,50
728,Cabo Verde,CPV,2010,80,100,40,73
729,Costa Rica,CRI,2010,90,60,80,77
730,Djibouti,DJI,2010,83,30,20,44
731,Dominica,DMA,2010,70,40,30,47
732,Dominican Republic,DOM,2010,93,60,50,68
733,Algeria,DZA,2010,77,50,50,59
734,Ecuador,ECU,2010,87,80,80,82
735,"Egypt, Arab Rep.",EGY,2010,87,100,70,86
736,Eritrea,ERI,2010,77,0,20,32
737,Ethiopia,ETH,2010,90,80,70,80
738,Fiji,FJI,2010,80,60,20,53
739,"Micronesia, Fed. Sts.",FSM,2010,53,20,10,28
740,Gabon,GAB,2010,60,40,20,40
741,Georgia,GEO,2010,97,100,90,96
742,Ghana,GHA,2010,97,50,50,66
743,Guinea,GIN,2010,93,50,30,58
744,"Gambia, The",GMB,2010,83,70,50,68
745,Guinea-Bissau,GNB,2010,67,50,20,46
746,Equatorial Guinea,GNQ,2010,67,20,10,32
747,Grenada,GRD,2010,60,40,30,43
748,Guatemala,GTM,2010,97,100,60,86
749,Guyana,GUY,2010,90,40,30,53
750,Honduras,HND,2010,77,80,70,76
751,Croatia,HRV,2010,83,90,80,84
752,Haiti,HTI,2010,67,30,30,42
753,Indonesia,IDN,2010,100,80,80,87
754,India,IND,2010,73,80,90,81
755,"Iran, Islamic Rep.",IRN,2010,93,70,50,71
756,Iraq,IRQ,2010,63,50,10,41
757,Jamaica,JAM,2010,83,80,60,74
758,Jordan,JOR,2010,80,70,80,77
759,Kazakhstan,KAZ,2010,97,100,90,96
760,Kenya,KEN,2010,87,50,50,62
761,Kyrgyz Republic,KGZ,2010,97,80,90,89
762,Cambodia,KHM,2010,90,60,70,73
763,Kiribati,KIR,2010,70,20,20,37
764,St. Kitts and Nevis,KNA,2010,63,60,60,61
765,Lao PDR,LAO,2010,90,80,40,70
766,Lebanon,LBN,2010,80,40,50,57
767,Liberia,LBR,2010,60,30,10,33
768,Libya,LBY,2010,42,40,40,41
769,St. Lucia,LCA,2010,70,60,50,60
770,Sri Lanka,LKA,2010,70,100,60,77
771,Lesotho,LSO,2010,87,60,50,66
772,Morocco,MAR,2010,83,60,90,78
773,Moldova,MDA,2010,93,70,90,84
774,Madagascar,MDG,2010,93,60,50,68
775,Maldives,MDV,2010,77,60,60,66
776,Mexico,MEX,2010,97,70,90,86
777,Marshall Islands,MHL,2010,63,50,10,41
778,"Macedonia, FYR",MKD,2010,87,90,60,79
779,Mali,MLI,2010,90,80,20,63
780,Myanmar,MMR,2010,77,40,40,52
781,Montenegro,MNE,2010,63,80,30,58
782,Mongolia,MNG,2010,83,80,60,74
783,Mozambique,MOZ,2010,87,80,50,72
784,Mauritania,MRT,2010,87,60,40,62
785,Mauritius,MUS,2010,60,70,80,70
786,Malawi,MWI,2010,97,80,60,79
787,Malaysia,MYS,2010,80,80,80,80
788,Namibia,NAM,2010,77,40,40,52
789,Niger,NER,2010,93,80,30,68
790,Nigeria,NGA,2010,87,80,40,69
791,Nicaragua,NIC,2010,97,80,50,76
792,Nepal,NPL,2010,73,70,50,64
793,Pakistan,PAK,2010,90,60,80,77
794,Panama,PAN,2010,97,80,60,79
795,Peru,PER,2010,93,60,90,81
796,Philippines,PHL,2010,97,100,70,89
797,Palau,PLW,2010,53,40,10,34
798,Papua New Guinea,PNG,2010,63,20,40,41
799,Poland,POL,2010,77,80,100,86
800,Paraguay,PRY,2010,90,80,40,70
801,Romania,ROU,2010,97,100,90,96
802,Russian Federation,RUS,2010,73,100,90,88
803,Rwanda,RWA,2010,83,80,40,68
804,Sudan,SDN,2010,73,30,30,44
805,Senegal,SEN,2010,90,70,60,73
806,Solomon Islands,SLB,2010,50,20,50,40
807,Sierra Leone,SLE,2010,67,50,40,52
808,El Salvador,SLV,2010,93,100,80,91
809,Somalia,SOM,2010,60,20,0,27
810,Serbia,SRB,2010,87,80,60,76
811,Sao Tome and Principe,STP,2010,83,60,40,61
812,Suriname,SUR,2010,83,90,40,71
813,Swaziland,SWZ,2010,83,70,50,68
814,Seychelles,SYC,2010,57,60,60,59
815,Syrian Arab Republic,SYR,2010,80,40,50,57
816,Chad,TCD,2010,90,50,30,57
817,Togo,TGO,2010,83,30,40,51
818,Thailand,THA,2010,80,80,80,80
819,Tajikistan,TJK,2010,93,60,70,74
820,Turkmenistan,TKM,2010,57,30,30,39
821,Timor-Leste,TLS,2010,67,60,40,56
822,Tonga,TON,2010,57,70,50,59
823,Trinidad and Tobago,TTO,2010,73,70,70,71
824,Tunisia,TUN,2010,87,70,80,79
825,Turkey,TUR,2010,93,80,80,84
826,Tanzania,TZA,2010,73,80,50,68
827,Uganda,UGA,2010,90,80,40,70
828,Ukraine,UKR,2010,93,80,90,88
829,Uruguay,URY,2010,97,100,90,96
830,Uzbekistan,UZB,2010,73,60,50,61
831,St. Vincent and the Grenadines,VCT,2010,63,60,40,54
832,"Venezuela, RB",VEN,2010,100,90,60,83
833,Vietnam,VNM,2010,83,80,30,64
834,Vanuatu,VUT,2010,57,40,30,42
835,Samoa,WSM,2010,57,40,50,49
836,"Yemen, Rep.",YEM,2010,87,40,20,49
837,South Africa,ZAF,2010,87,80,80,82
838,Zambia,ZMB,2010,83,60,30,58
839,Zimbabwe,ZWE,2010,63,60,30,51
840,Afghanistan,AFG,2011,73,40,40,51
841,Angola,AGO,2011,73,30,40,48
842,Albania,ALB,2011,70,80,60,70
843,Argentina,ARG,2011,87,80,90,86
844,Armenia,ARM,2011,97,80,100,92
845,Antigua and Barbuda,ATG,2011,60,60,20,47
846,Azerbaijan,AZE,2011,90,80,60,77
847,Burundi,BDI,2011,83,40,40,54
848,Benin,BEN,2011,77,60,40,59
849,Burkina Faso,BFA,2011,97,80,20,66
850,Bangladesh,BGD,2011,77,80,50,69
851,Bulgaria,BGR,2011,93,90,90,91
852,Bosnia and Herzegovina,BIH,2011,73,60,70,68
853,Belarus,BLR,2011,87,80,90,86
854,Belize,BLZ,2011,80,40,50,57
855,Bolivia,BOL,2011,90,60,60,70
856,Brazil,BRA,2011,83,80,90,84
857,Bhutan,BTN,2011,83,80,70,78
858,Botswana,BWA,2011,80,80,30,63
859,Central African Republic,CAF,2011,80,60,30,57
860,Chile,CHL,2011,93,100,90,94
861,China,CHN,2011,77,60,70,69
862,Cote d'Ivoire,CIV,2011,83,50,70,68
863,Cameroon,CMR,2011,93,50,50,64
864,"Congo, Dem. Rep.",COD,2011,70,30,30,43
865,"Congo, Rep.",COG,2011,70,40,40,50
866,Colombia,COL,2011,93,80,80,84
867,Comoros,COM,2011,70,60,20,50
868,Cabo Verde,CPV,2011,80,80,50,70
869,Costa Rica,CRI,2011,90,60,80,77
870,Djibouti,DJI,2011,83,20,30,44
871,Dominica,DMA,2011,70,40,40,50
872,Dominican Republic,DOM,2011,93,60,50,68
873,Algeria,DZA,2011,77,50,60,62
874,Ecuador,ECU,2011,87,80,80,82
875,"Egypt, Arab Rep.",EGY,2011,87,100,80,89
876,Eritrea,ERI,2011,77,0,20,32
877,Ethiopia,ETH,2011,90,70,60,73
878,Fiji,FJI,2011,80,80,50,70
879,"Micronesia, Fed. Sts.",FSM,2011,53,20,10,28
880,Gabon,GAB,2011,60,40,30,43
881,Georgia,GEO,2011,97,100,90,96
882,Ghana,GHA,2011,97,40,50,62
883,Guinea,GIN,2011,97,50,30,59
884,"Gambia, The",GMB,2011,83,70,40,64
885,Guinea-Bissau,GNB,2011,67,50,30,49
886,Equatorial Guinea,GNQ,2011,67,20,10,32
887,Grenada,GRD,2011,63,40,30,44
888,Guatemala,GTM,2011,97,100,60,86
889,Guyana,GUY,2011,87,40,50,59
890,Honduras,HND,2011,77,80,70,76
891,Croatia,HRV,2011,90,90,80,87
892,Haiti,HTI,2011,67,30,30,42
893,Indonesia,IDN,2011,100,80,70,83
894,India,IND,2011,70,80,80,77
895,"Iran, Islamic Rep.",IRN,2011,87,80,40,69
896,Iraq,IRQ,2011,70,50,20,47
897,Jamaica,JAM,2011,83,100,60,81
898,Jordan,JOR,2011,73,70,80,74
899,Kazakhstan,KAZ,2011,97,90,90,92
900,Kenya,KEN,2011,83,50,50,61
901,Kyrgyz Republic,KGZ,2011,93,80,80,84
902,Cambodia,KHM,2011,90,60,70,73
903,Kiribati,KIR,2011,63,20,30,38
904,St. Kitts and Nevis,KNA,2011,63,60,60,61
905,Lao PDR,LAO,2011,87,60,50,66
906,Lebanon,LBN,2011,80,60,50,63
907,Liberia,LBR,2011,70,40,10,40
908,Libya,LBY,2011,37,40,30,36
909,St. Lucia,LCA,2011,70,60,50,60
910,Sri Lanka,LKA,2011,80,90,60,77
911,Lesotho,LSO,2011,87,60,50,66
912,Morocco,MAR,2011,87,60,80,76
913,Moldova,MDA,2011,93,70,90,84
914,Madagascar,MDG,2011,90,60,50,67
915,Maldives,MDV,2011,70,70,60,67
916,Mexico,MEX,2011,97,70,100,89
917,Marshall Islands,MHL,2011,70,50,20,47
918,"Macedonia, FYR",MKD,2011,87,90,60,79
919,Mali,MLI,2011,90,80,20,63
920,Myanmar,MMR,2011,73,40,40,51
921,Montenegro,MNE,2011,63,100,40,68
922,Mongolia,MNG,2011,83,80,70,78
923,Mozambique,MOZ,2011,87,80,50,72
924,Mauritania,MRT,2011,90,60,40,63
925,Mauritius,MUS,2011,60,80,80,73
926,Malawi,MWI,2011,93,80,60,78
927,Malaysia,MYS,2011,80,80,70,77
928,Namibia,NAM,2011,83,50,40,58
929,Niger,NER,2011,93,80,40,71
930,Nigeria,NGA,2011,90,80,50,73
931,Nicaragua,NIC,2011,93,80,40,71
932,Nepal,NPL,2011,70,80,40,63
933,Pakistan,PAK,2011,93,60,70,74
934,Panama,PAN,2011,93,80,50,74
935,Peru,PER,2011,93,60,90,81
936,Philippines,PHL,2011,97,100,70,89
937,Palau,PLW,2011,50,40,0,30
938,Papua New Guinea,PNG,2011,63,20,30,38
939,Poland,POL,2011,77,80,90,82
940,Paraguay,PRY,2011,90,80,40,70
941,Romania,ROU,2011,97,100,90,96
942,Russian Federation,RUS,2011,80,100,90,90
943,Rwanda,RWA,2011,83,80,40,68
944,Sudan,SDN,2011,73,30,30,44
945,Senegal,SEN,2011,90,50,60,67
946,Solomon Islands,SLB,2011,57,20,50,42
947,Sierra Leone,SLE,2011,67,50,30,49
948,El Salvador,SLV,2011,93,100,70,88
949,Somalia,SOM,2011,60,10,0,23
950,Serbia,SRB,2011,90,80,80,83
951,Sao Tome and Principe,STP,2011,83,60,40,61
952,Suriname,SUR,2011,90,90,40,73
953,Swaziland,SWZ,2011,83,70,40,64
954,Seychelles,SYC,2011,60,50,60,57
955,Syrian Arab Republic,SYR,2011,80,30,70,60
956,Chad,TCD,2011,83,50,30,54
957,Togo,TGO,2011,83,30,50,54
958,Thailand,THA,2011,80,80,90,83
959,Tajikistan,TJK,2011,97,60,70,76
960,Turkmenistan,TKM,2011,57,30,30,39
961,Timor-Leste,TLS,2011,67,60,30,52
962,Tonga,TON,2011,57,70,50,59
963,Trinidad and Tobago,TTO,2011,73,70,70,71
964,Tunisia,TUN,2011,83,70,80,78
965,Turkey,TUR,2011,97,80,80,86
966,Tanzania,TZA,2011,77,80,60,72
967,Uganda,UGA,2011,90,80,40,70
968,Ukraine,UKR,2011,97,80,90,89
969,Uruguay,URY,2011,93,100,90,94
970,Uzbekistan,UZB,2011,73,60,50,61
971,St. Vincent and the Grenadines,VCT,2011,60,60,40,53
972,"Venezuela, RB",VEN,2011,97,90,50,79
973,Vietnam,VNM,2011,83,100,30,71
974,Vanuatu,VUT,2011,60,40,60,53
975,Samoa,WSM,2011,57,40,50,49
976,"Yemen, Rep.",YEM,2011,73,40,30,48
977,South Africa,ZAF,2011,83,80,80,81
978,Zambia,ZMB,2011,90,60,30,60
979,Zimbabwe,ZWE,2011,63,60,40,54
980,Afghanistan,AFG,2012,70,40,40,50
981,Angola,AGO,2012,80,20,50,50
982,Albania,ALB,2012,70,80,70,73
983,Argentina,ARG,2012,87,80,90,86
984,Armenia,ARM,2012,90,80,90,87
985,Antigua and Barbuda,ATG,2012,63,60,30,51
986,Azerbaijan,AZE,2012,93,70,60,74
987,Burundi,BDI,2012,77,40,40,52
988,Benin,BEN,2012,73,60,40,58
989,Burkina Faso,BFA,2012,93,80,40,71
990,Bangladesh,BGD,2012,77,80,40,66
991,Bulgaria,BGR,2012,93,90,90,91
992,Bosnia and Herzegovina,BIH,2012,77,60,70,69
993,Belarus,BLR,2012,90,80,90,87
994,Belize,BLZ,2012,77,60,40,59
995,Bolivia,BOL,2012,93,60,50,68
996,Brazil,BRA,2012,77,80,80,79
997,Bhutan,BTN,2012,83,80,60,74
998,Botswana,BWA,2012,80,70,40,63
999,Central African Republic,CAF,2012,83,60,30,58
1000,Chile,CHL,2012,93,100,90,94
1001,China,CHN,2012,90,60,60,70
1002,Cote d'Ivoire,CIV,2012,80,50,60,63
1003,Cameroon,CMR,2012,90,50,40,60
1004,"Congo, Dem. Rep.",COD,2012,70,30,30,43
1005,"Congo, Rep.",COG,2012,70,40,40,50
1006,Colombia,COL,2012,93,80,80,84
1007,Comoros,COM,2012,63,50,10,41
1008,Cabo Verde,CPV,2012,77,80,50,69
1009,Costa Rica,CRI,2012,93,60,80,78
1010,Djibouti,DJI,2012,80,20,40,47
1011,Dominica,DMA,2012,70,40,50,53
1012,Dominican Republic,DOM,2012,93,60,50,68
1013,Algeria,DZA,2012,77,40,60,59
1014,Ecuador,ECU,2012,83,60,70,71
1015,"Egypt, Arab Rep.",EGY,2012,90,100,70,87
1016,Eritrea,ERI,2012,77,0,20,32
1017,Ethiopia,ETH,2012,87,70,40,66
1018,Fiji,FJI,2012,80,80,50,70
1019,"Micronesia, Fed. Sts.",FSM,2012,53,20,40,38
1020,Gabon,GAB,2012,60,20,30,37
1021,Georgia,GEO,2012,93,100,90,94
1022,Ghana,GHA,2012,87,40,50,59
1023,Guinea,GIN,2012,93,50,30,58
1024,"Gambia, The",GMB,2012,83,70,50,68
1025,Guinea-Bissau,GNB,2012,73,50,30,51
1026,Equatorial Guinea,GNQ,2012,67,20,10,32
1027,Grenada,GRD,2012,63,40,40,48
1028,Guatemala,GTM,2012,97,90,60,82
1029,Guyana,GUY,2012,87,30,50,56
1030,Honduras,HND,2012,77,80,50,69
1031,Croatia,HRV,2012,90,90,80,87
1032,Haiti,HTI,2012,67,20,30,39
1033,Indonesia,IDN,2012,100,80,70,83
1034,India,IND,2012,67,80,80,76
1035,"Iran, Islamic Rep.",IRN,2012,80,80,50,70
1036,Iraq,IRQ,2012,70,60,20,50
1037,Jamaica,JAM,2012,87,80,70,79
1038,Jordan,JOR,2012,77,70,80,76
1039,Kazakhstan,KAZ,2012,93,100,90,94
1040,Kenya,KEN,2012,73,50,50,58
1041,Kyrgyz Republic,KGZ,2012,93,80,80,84
1042,Cambodia,KHM,2012,93,60,50,68
1043,Kiribati,KIR,2012,63,20,30,38
1044,St. Kitts and Nevis,KNA,2012,63,40,60,54
1045,Lao PDR,LAO,2012,90,70,50,70
1046,Lebanon,LBN,2012,80,70,50,67
1047,Liberia,LBR,2012,70,40,20,43
1048,Libya,LBY,2012,40,40,30,37
1049,St. Lucia,LCA,2012,70,60,60,63
1050,Sri Lanka,LKA,2012,87,90,60,79
1051,Lesotho,LSO,2012,87,70,60,72
1052,Morocco,MAR,2012,87,50,80,72
1053,Moldova,MDA,2012,93,80,100,91
1054,Madagascar,MDG,2012,83,60,50,64
1055,Maldives,MDV,2012,73,70,70,71
1056,Mexico,MEX,2012,93,70,100,88
1057,Marshall Islands,MHL,2012,60,50,50,53
1058,"Macedonia, FYR",MKD,2012,80,90,70,80
1059,Mali,MLI,2012,90,80,30,67
1060,Myanmar,MMR,2012,77,30,40,49
1061,Montenegro,MNE,2012,73,90,40,68
1062,Mongolia,MNG,2012,83,80,70,78
1063,Mozambique,MOZ,2012,93,80,60,78
1064,Mauritania,MRT,2012,90,30,50,57
1065,Mauritius,MUS,2012,60,80,100,80
1066,Malawi,MWI,2012,93,80,50,74
1067,Malaysia,MYS,2012,70,80,60,70
1068,Namibia,NAM,2012,80,50,40,57
1069,Niger,NER,2012,90,80,40,70
1070,Nigeria,NGA,2012,93,80,50,74
1071,Nicaragua,NIC,2012,87,80,40,69
1072,Nepal,NPL,2012,70,80,50,67
1073,Pakistan,PAK,2012,93,60,60,71
1074,Panama,PAN,2012,97,80,50,76
1075,Peru,PER,2012,100,60,90,83
1076,Philippines,PHL,2012,90,100,60,83
1077,Palau,PLW,2012,50,40,10,33
1078,Papua New Guinea,PNG,2012,63,20,30,38
1079,Poland,POL,2012,77,80,90,82
1080,Paraguay,PRY,2012,90,80,40,70
1081,Romania,ROU,2012,97,90,90,92
1082,Russian Federation,RUS,2012,77,100,70,82
1083,Rwanda,RWA,2012,90,80,60,77
1084,Sudan,SDN,2012,70,30,30,43
1085,Senegal,SEN,2012,90,50,50,63
1086,Solomon Islands,SLB,2012,57,20,50,42
1087,Sierra Leone,SLE,2012,73,60,30,54
1088,El Salvador,SLV,2012,93,100,80,91
1089,Somalia,SOM,2012,60,20,0,27
1090,Serbia,SRB,2012,90,80,80,83
1091,Sao Tome and Principe,STP,2012,90,60,40,63
1092,Suriname,SUR,2012,83,80,30,64
1093,Swaziland,SWZ,2012,87,70,40,66
1094,Seychelles,SYC,2012,60,60,70,63
1095,Syrian Arab Republic,SYR,2012,77,20,60,52
1096,Chad,TCD,2012,83,80,30,64
1097,Togo,TGO,2012,80,50,40,57
1098,Thailand,THA,2012,77,80,90,82
1099,Tajikistan,TJK,2012,97,60,70,76
1100,Turkmenistan,TKM,2012,53,50,30,44
1101,Timor-Leste,TLS,2012,70,50,20,47
1102,Tonga,TON,2012,57,70,50,59
1103,Trinidad and Tobago,TTO,2012,73,70,60,68
1104,Tunisia,TUN,2012,83,70,70,74
1105,Turkey,TUR,2012,93,80,80,84
1106,Tanzania,TZA,2012,77,80,60,72
1107,Uganda,UGA,2012,83,80,40,68
1108,Ukraine,UKR,2012,97,80,100,92
1109,Uruguay,URY,2012,93,100,90,94
1110,Uzbekistan,UZB,2012,73,50,50,58
1111,St. Vincent and the Grenadines,VCT,2012,60,40,60,53
1112,"Venezuela, RB",VEN,2012,93,80,60,78
1113,Vietnam,VNM,2012,83,100,30,71
1114,Vanuatu,VUT,2012,63,40,40,48
1115,Samoa,WSM,2012,53,40,60,51
1116,"Yemen, Rep.",YEM,2012,70,40,30,47
1117,South Africa,ZAF,2012,77,60,80,72
1118,Zambia,ZMB,2012,87,60,40,62
1119,Zimbabwe,ZWE,2012,60,60,40,53
1120,Afghanistan,AFG,2013,70,40,50,53
1121,Angola,AGO,2013,83,0,60,48
1122,Albania,ALB,2013,67,80,60,69
1123,Argentina,ARG,2013,80,80,70,77
1124,Armenia,ARM,2013,87,80,100,89
1125,Antigua and Barbuda,ATG,2013,67,60,40,56
1126,Azerbaijan,AZE,2013,93,60,70,74
1127,Burundi,BDI,2013,83,40,50,58
1128,Benin,BEN,2013,80,80,40,67
1129,Burkina Faso,BFA,2013,90,80,40,70
1130,Bangladesh,BGD,2013,77,80,40,66
1131,Bulgaria,BGR,2013,87,80,90,86
1132,Bosnia and Herzegovina,BIH,2013,77,60,70,69
1133,Belarus,BLR,2013,90,80,90,87
1134,Belize,BLZ,2013,73,60,40,58
1135,Bolivia,BOL,2013,87,60,70,72
1136,Brazil,BRA,2013,77,70,80,76
1137,Bhutan,BTN,2013,87,80,60,76
1138,Botswana,BWA,2013,73,60,30,54
1139,Central African Republic,CAF,2013,83,60,30,58
1140,Chile,CHL,2013,97,100,90,96
1141,China,CHN,2013,90,60,60,70
1142,Cote d'Ivoire,CIV,2013,80,30,60,57
1143,Cameroon,CMR,2013,90,40,40,57
1144,"Congo, Dem. Rep.",COD,2013,80,30,40,50
1145,"Congo, Rep.",COG,2013,67,40,50,52
1146,Colombia,COL,2013,93,60,90,81
1147,Comoros,COM,2013,60,50,20,43
1148,Cabo Verde,CPV,2013,77,80,40,66
1149,Costa Rica,CRI,2013,93,60,80,78
1150,Djibouti,DJI,2013,80,20,40,47
1151,Dominica,DMA,2013,70,40,40,50
1152,Dominican Republic,DOM,2013,97,80,50,76
1153,Algeria,DZA,2013,73,30,50,51
1154,Ecuador,ECU,2013,80,60,70,70
1155,"Egypt, Arab Rep.",EGY,2013,90,100,80,90
1156,Eritrea,ERI,2013,73,0,20,31
1157,Ethiopia,ETH,2013,90,70,40,67
1158,Fiji,FJI,2013,83,80,50,71
1159,"Micronesia, Fed. Sts.",FSM,2013,53,20,40,38
1160,Gabon,GAB,2013,57,30,40,42
1161,Georgia,GEO,2013,87,100,90,92
1162,Ghana,GHA,2013,87,40,60,62
1163,Guinea,GIN,2013,87,30,40,52
1164,"Gambia, The",GMB,2013,80,70,60,70
1165,Guinea-Bissau,GNB,2013,70,50,30,50
1166,Equatorial Guinea,GNQ,2013,63,20,10,31
1167,Grenada,GRD,2013,63,40,50,51
1168,Guatemala,GTM,2013,90,90,50,77
1169,Guyana,GUY,2013,87,30,60,59
1170,Honduras,HND,2013,77,60,50,62
1171,Croatia,HRV,2013,83,90,90,88
1172,Haiti,HTI,2013,63,30,30,41
1173,Indonesia,IDN,2013,100,80,60,80
1174,India,IND,2013,70,80,70,73
1175,"Iran, Islamic Rep.",IRN,2013,80,80,50,70
1176,Iraq,IRQ,2013,70,60,20,50
1177,Jamaica,JAM,2013,87,80,70,79
1178,Jordan,JOR,2013,73,70,80,74
1179,Kazakhstan,KAZ,2013,93,100,90,94
1180,Kenya,KEN,2013,77,50,30,52
1181,Kyrgyz Republic,KGZ,2013,93,80,80,84
1182,Cambodia,KHM,2013,90,60,60,70
1183,Kiribati,KIR,2013,57,20,30,36
1184,St. Kitts and Nevis,KNA,2013,70,40,40,50
1185,Lao PDR,LAO,2013,87,70,60,72
1186,Lebanon,LBN,2013,80,70,50,67
1187,Liberia,LBR,2013,73,40,30,48
1188,Libya,LBY,2013,33,20,30,28
1189,St. Lucia,LCA,2013,70,70,50,63
1190,Sri Lanka,LKA,2013,87,90,60,79
1191,Lesotho,LSO,2013,90,70,60,73
1192,Morocco,MAR,2013,87,70,80,79
1193,Moldova,MDA,2013,93,90,100,94
1194,Madagascar,MDG,2013,90,50,50,63
1195,Maldives,MDV,2013,77,60,70,69
1196,Mexico,MEX,2013,93,70,100,88
1197,Marshall Islands,MHL,2013,60,50,50,53
1198,"Macedonia, FYR",MKD,2013,80,90,70,80
1199,Mali,MLI,2013,93,80,30,68
1200,Myanmar,MMR,2013,70,30,50,50
1201,Montenegro,MNE,2013,77,90,50,72
1202,Mongolia,MNG,2013,80,100,70,83
1203,Mozambique,MOZ,2013,93,80,60,78
1204,Mauritania,MRT,2013,90,30,60,60
1205,Mauritius,MUS,2013,57,70,100,76
1206,Malawi,MWI,2013,97,80,60,79
1207,Malaysia,MYS,2013,73,80,60,71
1208,Namibia,NAM,2013,73,50,40,54
1209,Niger,NER,2013,87,80,50,72
1210,Nigeria,NGA,2013,87,80,50,72
1211,Nicaragua,NIC,2013,87,60,50,66
1212,Nepal,NPL,2013,73,80,30,61
1213,Pakistan,PAK,2013,93,60,50,68
1214,Panama,PAN,2013,97,80,50,76
1215,Peru,PER,2013,97,80,90,89
1216,Philippines,PHL,2013,93,100,60,84
1217,Palau,PLW,2013,50,40,10,33
1218,Papua New Guinea,PNG,2013,63,20,30,38
1219,Poland,POL,2013,73,80,100,84
1220,Paraguay,PRY,2013,83,80,50,71
1221,Romania,ROU,2013,90,80,90,87
1222,Russian Federation,RUS,2013,77,100,70,82
1223,Rwanda,RWA,2013,90,80,50,73
1224,Sudan,SDN,2013,70,30,20,40
1225,Senegal,SEN,2013,93,70,50,71
1226,Solomon Islands,SLB,2013,50,40,60,50
1227,Sierra Leone,SLE,2013,77,60,40,59
1228,El Salvador,SLV,2013,93,100,80,91
1229,Somalia,SOM,2013,53,20,0,24
1230,Serbia,SRB,2013,93,100,80,91
1231,Sao Tome and Principe,STP,2013,90,80,40,70
1232,Suriname,SUR,2013,80,70,40,63
1233,Swaziland,SWZ,2013,90,60,30,60
1234,Seychelles,SYC,2013,67,60,70,66
1235,Syrian Arab Republic,SYR,2013,80,20,30,43
1236,Chad,TCD,2013,80,80,30,63
1237,Togo,TGO,2013,80,70,40,63
1238,Thailand,THA,2013,80,80,80,80
1239,Tajikistan,TJK,2013,97,60,70,76
1240,Turkmenistan,TKM,2013,50,50,30,43
1241,Timor-Leste,TLS,2013,70,70,20,53
1242,Tonga,TON,2013,50,40,50,47
1243,Trinidad and Tobago,TTO,2013,70,70,70,70
1244,Tunisia,TUN,2013,80,70,70,73
1245,Turkey,TUR,2013,87,80,90,86
1246,Tanzania,TZA,2013,77,80,60,72
1247,Uganda,UGA,2013,90,80,50,73
1248,Ukraine,UKR,2013,93,80,100,91
1249,Uruguay,URY,2013,87,100,90,92
1250,Uzbekistan,UZB,2013,73,50,50,58
1251,St. Vincent and the Grenadines,VCT,2013,60,40,40,47
1252,"Venezuela, RB",VEN,2013,90,80,70,80
1253,Vietnam,VNM,2013,83,100,40,74
1254,Vanuatu,VUT,2013,60,40,30,43
1255,Samoa,WSM,2013,60,40,60,53
1256,"Yemen, Rep.",YEM,2013,77,40,40,52
1257,South Africa,ZAF,2013,80,80,70,77
1258,Zambia,ZMB,2013,80,60,30,57
1259,Zimbabwe,ZWE,2013,63,60,40,54
1260,Afghanistan,AFG,2014,73,40,50,54
1261,Angola,AGO,2014,77,10,60,49
1262,Albania,ALB,2014,77,100,50,76
1263,Argentina,ARG,2014,70,80,100,83
1264,Armenia,ARM,2014,83,80,100,88
1265,Antigua and Barbuda,ATG,2014,67,60,50,59
1266,Azerbaijan,AZE,2014,90,60,60,70
1267,Burundi,BDI,2014,83,40,40,54
1268,Benin,BEN,2014,77,80,40,66
1269,Burkina Faso,BFA,2014,93,80,40,71
1270,Bangladesh,BGD,2014,90,80,70,80
1271,Bulgaria,BGR,2014,83,80,90,84
1272,Bosnia and Herzegovina,BIH,2014,67,80,70,72
1273,Belarus,BLR,2014,93,80,90,88
1274,Belize,BLZ,2014,87,40,40,56
1275,Bolivia,BOL,2014,90,80,60,77
1276,Brazil,BRA,2014,77,60,90,76
1277,Bhutan,BTN,2014,97,80,60,79
1278,Botswana,BWA,2014,63,50,40,51
1279,Central African Republic,CAF,2014,87,60,30,59
1280,Chile,CHL,2014,97,100,90,96
1281,China,CHN,2014,80,60,70,70
1282,Cote d'Ivoire,CIV,2014,80,20,40,47
1283,Cameroon,CMR,2014,90,40,40,57
1284,"Congo, Dem. Rep.",COD,2014,90,30,50,57
1285,"Congo, Rep.",COG,2014,73,40,30,48
1286,Colombia,COL,2014,93,60,90,81
1287,Comoros,COM,2014,50,50,20,40
1288,Cabo Verde,CPV,2014,77,70,60,69
1289,Costa Rica,CRI,2014,93,60,80,78
1290,Djibouti,DJI,2014,77,20,40,46
1291,Dominica,DMA,2014,67,40,60,56
1292,Dominican Republic,DOM,2014,97,80,60,79
1293,Algeria,DZA,2014,77,30,50,52
1294,Ecuador,ECU,2014,80,50,80,70
1295,"Egypt, Arab Rep.",EGY,2014,90,100,80,90
1296,Eritrea,ERI,2014,73,0,20,31
1297,Ethiopia,ETH,2014,63,70,50,61
1298,Fiji,FJI,2014,83,80,50,71
1299,"Micronesia, Fed. Sts.",FSM,2014,50,20,40,37
1300,Gabon,GAB,2014,57,30,40,42
1301,Georgia,GEO,2014,87,70,90,82
1302,Ghana,GHA,2014,87,40,60,62
1303,Guinea,GIN,2014,87,30,40,52
1304,"Gambia, The",GMB,2014,80,70,50,67
1305,Guinea-Bissau,GNB,2014,70,30,30,43
1306,Equatorial Guinea,GNQ,2014,53,20,30,34
1307,Grenada,GRD,2014,63,40,30,44
1308,Guatemala,GTM,2014,87,80,40,69
1309,Guyana,GUY,2014,87,30,60,59
1310,Honduras,HND,2014,90,80,50,73
1311,Croatia,HRV,2014,80,80,90,83
1312,Haiti,HTI,2014,63,50,30,48
1313,Indonesia,IDN,2014,100,80,70,83
1314,India,IND,2014,83,80,80,81
1315,"Iran, Islamic Rep.",IRN,2014,80,80,60,73
1316,Iraq,IRQ,2014,60,60,20,47
1317,Jamaica,JAM,2014,77,80,80,79
1318,Jordan,JOR,2014,73,70,80,74
1319,Kazakhstan,KAZ,2014,87,90,90,89
1320,Kenya,KEN,2014,73,50,40,54
1321,Kyrgyz Republic,KGZ,2014,90,90,80,87
1322,Cambodia,KHM,2014,90,80,60,77
1323,Kiribati,KIR,2014,57,20,30,36
1324,St. Kitts and Nevis,KNA,2014,67,40,50,52
1325,Lao PDR,LAO,2014,90,70,60,73
1326,Lebanon,LBN,2014,67,70,50,62
1327,Liberia,LBR,2014,70,50,20,47
1328,Libya,LBY,2014,37,20,30,29
1329,St. Lucia,LCA,2014,70,70,60,67
1330,Sri Lanka,LKA,2014,87,80,70,79
1331,Lesotho,LSO,2014,87,70,60,72
1332,Morocco,MAR,2014,87,70,80,79
1333,Moldova,MDA,2014,93,90,100,94
1334,Madagascar,MDG,2014,87,50,50,62
1335,Maldives,MDV,2014,70,60,70,67
1336,Mexico,MEX,2014,97,60,100,86
1337,Marshall Islands,MHL,2014,60,40,40,47
1338,"Macedonia, FYR",MKD,2014,93,90,70,84
1339,Mali,MLI,2014,90,80,30,67
1340,Myanmar,MMR,2014,70,20,50,47
1341,Montenegro,MNE,2014,77,90,60,76
1342,Mongolia,MNG,2014,80,100,70,83
1343,Mozambique,MOZ,2014,93,70,60,74
1344,Mauritania,MRT,2014,77,50,50,59
1345,Mauritius,MUS,2014,77,80,100,86
1346,Malawi,MWI,2014,97,80,50,76
1347,Malaysia,MYS,2014,73,80,70,74
1348,Namibia,NAM,2014,67,40,40,49
1349,Niger,NER,2014,83,80,40,68
1350,Nigeria,NGA,2014,87,80,50,72
1351,Nicaragua,NIC,2014,77,60,60,66
1352,Nepal,NPL,2014,87,80,30,66
1353,Pakistan,PAK,2014,93,60,70,74
1354,Panama,PAN,2014,97,80,70,82
1355,Peru,PER,2014,97,100,100,99
1356,Philippines,PHL,2014,73,100,60,78
1357,Palau,PLW,2014,50,40,20,37
1358,Papua New Guinea,PNG,2014,70,30,40,47
1359,Poland,POL,2014,67,80,90,79
1360,Paraguay,PRY,2014,83,80,50,71
1361,Romania,ROU,2014,93,80,90,88
1362,Russian Federation,RUS,2014,73,100,80,84
1363,Rwanda,RWA,2014,87,80,70,79
1364,Sudan,SDN,2014,60,30,40,43
1365,Senegal,SEN,2014,90,80,50,73
1366,Solomon Islands,SLB,2014,60,40,60,53
1367,Sierra Leone,SLE,2014,77,60,40,59
1368,El Salvador,SLV,2014,93,100,80,91
1369,Somalia,SOM,2014,50,10,0,20
1370,Serbia,SRB,2014,97,100,80,92
1371,Sao Tome and Principe,STP,2014,87,80,40,69
1372,Suriname,SUR,2014,80,70,40,63
1373,Swaziland,SWZ,2014,90,50,40,60
1374,Seychelles,SYC,2014,57,60,70,62
1375,Syrian Arab Republic,SYR,2014,73,30,30,44
1376,Chad,TCD,2014,80,60,50,63
1377,Togo,TGO,2014,83,70,40,64
1378,Thailand,THA,2014,80,80,90,83
1379,Tajikistan,TJK,2014,97,60,70,76
1380,Turkmenistan,TKM,2014,50,50,30,43
1381,Timor-Leste,TLS,2014,73,60,60,64
1382,Tonga,TON,2014,60,40,50,50
1383,Trinidad and Tobago,TTO,2014,67,70,50,62
1384,Tunisia,TUN,2014,77,60,80,72
1385,Turkey,TUR,2014,83,80,90,84
1386,Tanzania,TZA,2014,77,80,60,72
1387,Uganda,UGA,2014,83,60,50,64
1388,Ukraine,UKR,2014,93,80,100,91
1389,Uruguay,URY,2014,90,100,80,90
1390,Uzbekistan,UZB,2014,73,30,60,54
1391,St. Vincent and the Grenadines,VCT,2014,67,40,60,56
1392,"Venezuela, RB",VEN,2014,93,80,70,81
1393,Vietnam,VNM,2014,80,100,50,77
1394,Vanuatu,VUT,2014,60,40,30,43
1395,Samoa,WSM,2014,60,40,60,53
1396,"Yemen, Rep.",YEM,2014,77,40,50,56
1397,South Africa,ZAF,2014,73,80,70,74
1398,Zambia,ZMB,2014,80,60,40,60
1399,Zimbabwe,ZWE,2014,63,60,50,58
1400,Afghanistan,AFG,2015,73,40,40,51
1401,Angola,AGO,2015,73,30,40,48
1402,Albania,ALB,2015,67,100,50,72
1403,Argentina,ARG,2015,87,100,100,96
1404,Armenia,ARM,2015,80,100,100,93
1405,Antigua and Barbuda,ATG,2015,63,60,50,58
1406,Azerbaijan,AZE,2015,83,60,60,68
1407,Burundi,BDI,2015,87,40,40,56
1408,Benin,BEN,2015,80,80,40,67
1409,Burkina Faso,BFA,2015,93,70,40,68
1410,Bangladesh,BGD,2015,90,80,60,77
1411,Bulgaria,BGR,2015,83,80,90,84
1412,Bosnia and Herzegovina,BIH,2015,63,70,70,68
1413,Belarus,BLR,2015,93,80,90,88
1414,Belize,BLZ,2015,83,40,40,54
1415,Bolivia,BOL,2015,97,80,60,79
1416,Brazil,BRA,2015,67,60,90,72
1417,Bhutan,BTN,2015,87,70,50,69
1418,Botswana,BWA,2015,67,40,30,46
1419,Central African Republic,CAF,2015,87,40,30,52
1420,Chile,CHL,2015,97,100,90,96
1421,China,CHN,2015,80,60,70,70
1422,Cote d'Ivoire,CIV,2015,87,40,50,59
1423,Cameroon,CMR,2015,87,40,40,56
1424,"Congo, Dem. Rep.",COD,2015,93,30,50,58
1425,"Congo, Rep.",COG,2015,80,40,30,50
1426,Colombia,COL,2015,83,80,90,84
1427,Comoros,COM,2015,57,50,20,42
1428,Cabo Verde,CPV,2015,80,70,50,67
1429,Costa Rica,CRI,2015,93,80,80,84
1430,Djibouti,DJI,2015,80,20,40,47
1431,Dominica,DMA,2015,57,40,60,52
1432,Dominican Republic,DOM,2015,97,80,60,79
1433,Algeria,DZA,2015,80,30,50,53
1434,Ecuador,ECU,2015,87,50,80,72
1435,"Egypt, Arab Rep.",EGY,2015,93,100,80,91
1436,Eritrea,ERI,2015,63,0,20,28
1437,Ethiopia,ETH,2015,77,80,50,69
1438,Fiji,FJI,2015,83,70,30,61
1439,"Micronesia, Fed. Sts.",FSM,2015,47,20,40,36
1440,Gabon,GAB,2015,60,30,30,40
1441,Georgia,GEO,2015,87,90,90,89
1442,Ghana,GHA,2015,87,50,60,66
1443,Guinea,GIN,2015,90,50,20,53
1444,"Gambia, The",GMB,2015,77,60,60,66
1445,Guinea-Bissau,GNB,2015,73,30,30,44
1446,Equatorial Guinea,GNQ,2015,67,20,40,42
1447,Grenada,GRD,2015,63,60,30,51
1448,Guatemala,GTM,2015,97,80,40,72
1449,Guyana,GUY,2015,80,30,60,57
1450,Honduras,HND,2015,90,80,60,77
1451,Croatia,HRV,2015,70,80,90,80
1452,Haiti,HTI,2015,63,50,30,48
1453,Indonesia,IDN,2015,93,80,80,84
1454,India,IND,2015,73,80,80,78
1455,"Iran, Islamic Rep.",IRN,2015,80,80,60,73
1456,Iraq,IRQ,2015,67,60,30,52
1457,Jamaica,JAM,2015,73,80,80,78
1458,Jordan,JOR,2015,73,70,80,74
1459,Kazakhstan,KAZ,2015,90,90,90,90
1460,Kenya,KEN,2015,73,50,40,54
1461,Kyrgyz Republic,KGZ,2015,97,70,80,82
1462,Cambodia,KHM,2015,90,80,60,77
1463,Kiribati,KIR,2015,53,20,30,34
1464,St. Kitts and Nevis,KNA,2015,70,40,60,57
1465,Lao PDR,LAO,2015,93,70,50,71
1466,Lebanon,LBN,2015,77,70,50,66
1467,Liberia,LBR,2015,73,50,30,51
1468,Libya,LBY,2015,37,20,10,22
1469,St. Lucia,LCA,2015,53,80,50,61
1470,Sri Lanka,LKA,2015,90,80,50,73
1471,Lesotho,LSO,2015,87,60,50,66
1472,Morocco,MAR,2015,83,80,80,81
1473,Moldova,MDA,2015,97,90,100,96
1474,Madagascar,MDG,2015,87,40,50,59
1475,Maldives,MDV,2015,57,60,50,56
1476,Mexico,MEX,2015,97,80,100,92
1477,Marshall Islands,MHL,2015,53,40,20,38
1478,"Macedonia, FYR",MKD,2015,80,90,80,83
1479,Mali,MLI,2015,87,80,30,66
1480,Myanmar,MMR,2015,67,50,50,56
1481,Montenegro,MNE,2015,77,90,50,72
1482,Mongolia,MNG,2015,63,100,60,74
1483,Mozambique,MOZ,2015,97,50,70,72
1484,Mauritania,MRT,2015,90,50,60,67
1485,Mauritius,MUS,2015,80,100,100,93
1486,Malawi,MWI,2015,97,80,50,76
1487,Malaysia,MYS,2015,73,80,70,74
1488,Namibia,NAM,2015,73,40,30,48
1489,Niger,NER,2015,93,80,40,71
1490,Nigeria,NGA,2015,83,80,50,71
1491,Nicaragua,NIC,2015,80,70,60,70
1492,Nepal,NPL,2015,87,80,50,72
1493,Pakistan,PAK,2015,97,60,70,76
1494,Panama,PAN,2015,97,80,60,79
1495,Peru,PER,2015,100,80,100,93
1496,Philippines,PHL,2015,87,100,60,82
1497,Palau,PLW,2015,57,40,30,42
1498,Papua New Guinea,PNG,2015,67,30,40,46
1499,Poland,POL,2015,87,80,90,86
1500,Paraguay,PRY,2015,87,80,50,72
1501,Romania,ROU,2015,77,80,90,82
1502,Russian Federation,RUS,2015,73,90,80,81
1503,Rwanda,RWA,2015,90,70,60,73
1504,Sudan,SDN,2015,73,30,50,51
1505,Senegal,SEN,2015,87,80,60,76
1506,Solomon Islands,SLB,2015,57,40,50,49
1507,Sierra Leone,SLE,2015,90,50,50,63
1508,El Salvador,SLV,2015,93,100,80,91
1509,Somalia,SOM,2015,50,10,0,20
1510,Serbia,SRB,2015,90,100,80,90
1511,Sao Tome and Principe,STP,2015,87,70,40,66
1512,Suriname,SUR,2015,77,70,40,62
1513,Swaziland,SWZ,2015,87,50,40,59
1514,Seychelles,SYC,2015,57,60,80,66
1515,Syrian Arab Republic,SYR,2015,83,30,30,48
1516,Chad,TCD,2015,87,60,50,66
1517,Togo,TGO,2015,87,70,40,66
1518,Thailand,THA,2015,87,80,90,86
1519,Tajikistan,TJK,2015,93,80,70,81
1520,Turkmenistan,TKM,2015,40,30,30,33
1521,Timor-Leste,TLS,2015,77,60,50,62
1522,Tonga,TON,2015,63,40,40,48
1523,Trinidad and Tobago,TTO,2015,50,70,50,57
1524,Tunisia,TUN,2015,80,70,80,77
1525,Turkey,TUR,2015,87,70,90,82
1526,Tanzania,TZA,2015,87,80,60,76
1527,Uganda,UGA,2015,87,80,50,72
1528,Ukraine,UKR,2015,93,80,100,91
1529,Uruguay,URY,2015,87,100,80,89
1530,Uzbekistan,UZB,2015,73,30,50,51
1531,St. Vincent and the Grenadines,VCT,2015,67,40,60,56
1532,"Venezuela, RB",VEN,2015,97,80,70,82
1533,Vietnam,VNM,2015,87,100,60,82
1534,Vanuatu,VUT,2015,57,50,30,46
1535,Samoa,WSM,2015,60,40,60,53
1536,"Yemen, Rep.",YEM,2015,77,30,60,56
1537,South Africa,ZAF,2015,83,80,80,81
1538,Zambia,ZMB,2015,80,60,40,60
1539,Zimbabwe,ZWE,2015,77,60,50,62
1540,Afghanistan,AFG,2016,73,40,40,51
1541,Angola,AGO,2016,67,30,30,42
1542,Albania,ALB,2016,87,100,60,82
1543,Argentina,ARG,2016,87,90,90,89
1544,Armenia,ARM,2016,77,100,100,92
1545,Antigua and Barbuda,ATG,2016,63,60,50,58
1546,Azerbaijan,AZE,2016,97,60,70,76
1547,Burundi,BDI,2016,87,50,50,62
1548,Benin,BEN,2016,90,80,50,73
1549,Burkina Faso,BFA,2016,93,80,50,74
1550,Bangladesh,BGD,2016,83,80,60,74
1551,Bulgaria,BGR,2016,83,80,90,84
1552,Bosnia and Herzegovina,BIH,2016,77,70,70,72
1553,Belarus,BLR,2016,93,80,90,88
1554,Belize,BLZ,2016,87,60,40,62
1555,Bolivia,BOL,2016,77,80,50,69
1556,Brazil,BRA,2016,80,60,90,77
1557,Bhutan,BTN,2016,87,70,50,69
1558,Botswana,BWA,2016,67,40,20,42
1559,Central African Republic,CAF,2016,83,20,20,41
1560,Chile,CHL,2016,97,100,90,96
1561,China,CHN,2016,80,60,100,80
1562,Cote d'Ivoire,CIV,2016,83,60,60,68
1563,Cameroon,CMR,2016,87,70,50,69
1564,"Congo, Dem. Rep.",COD,2016,93,20,40,51
1565,"Congo, Rep.",COG,2016,70,60,20,50
1566,Colombia,COL,2016,97,80,90,89
1567,Comoros,COM,2016,53,20,30,34
1568,Cabo Verde,CPV,2016,77,70,60,69
1569,Costa Rica,CRI,2016,93,80,80,84
1570,Djibouti,DJI,2016,80,40,40,53
1571,Dominica,DMA,2016,53,60,60,58
1572,Dominican Republic,DOM,2016,100,80,70,83
1573,Algeria,DZA,2016,77,40,50,56
1574,Ecuador,ECU,2016,93,40,80,71
1575,"Egypt, Arab Rep.",EGY,2016,83,100,80,88
1576,Eritrea,ERI,2016,67,0,20,29
1577,Ethiopia,ETH,2016,80,80,50,70
1578,Fiji,FJI,2016,67,70,40,59
1579,"Micronesia, Fed. Sts.",FSM,2016,47,30,20,32
1580,Gabon,GAB,2016,60,30,20,37
1581,Georgia,GEO,2016,87,90,90,89
1582,Ghana,GHA,2016,87,60,60,69
1583,Guinea,GIN,2016,87,50,30,56
1584,"Gambia, The",GMB,2016,83,60,50,64
1585,Guinea-Bissau,GNB,2016,67,30,30,42
1586,Equatorial Guinea,GNQ,2016,67,40,30,46
1587,Grenada,GRD,2016,63,60,30,51
1588,Guatemala,GTM,2016,93,80,40,71
1589,Guyana,GUY,2016,83,40,50,58
1590,Honduras,HND,2016,93,80,60,78
1591,Croatia,HRV,2016,73,80,90,81
1592,Haiti,HTI,2016,67,30,20,39
1593,Indonesia,IDN,2016,100,80,80,87
1594,India,IND,2016,73,80,90,81
1595,"Iran, Islamic Rep.",IRN,2016,87,80,70,79
1596,Iraq,IRQ,2016,60,60,30,50
1597,Jamaica,JAM,2016,73,80,80,78
1598,Jordan,JOR,2016,73,70,70,71
1599,Kazakhstan,KAZ,2016,97,90,90,92
1600,Kenya,KEN,2016,77,50,40,56
1601,Kyrgyz Republic,KGZ,2016,97,80,80,86
1602,Cambodia,KHM,2016,90,80,30,67
1603,Kiribati,KIR,2016,60,20,40,40
1604,St. Kitts and Nevis,KNA,2016,70,40,50,53
1605,Lao PDR,LAO,2016,83,60,50,64
1606,Lebanon,LBN,2016,70,70,50,63
1607,Liberia,LBR,2016,73,60,40,58
1608,Libya,LBY,2016,37,20,10,22
1609,St. Lucia,LCA,2016,53,80,60,64
1610,Sri Lanka,LKA,2016,90,80,80,83
1611,Lesotho,LSO,2016,83,60,30,58
1612,Morocco,MAR,2016,83,80,90,84
1613,Moldova,MDA,2016,97,90,100,96
1614,Madagascar,MDG,2016,87,50,50,62
1615,Maldives,MDV,2016,60,40,50,50
1616,Mexico,MEX,2016,97,100,100,99
1617,Marshall Islands,MHL,2016,47,30,10,29
1618,"Macedonia, FYR",MKD,2016,73,90,80,81
1619,Mali,MLI,2016,87,80,30,66
1620,Myanmar,MMR,2016,67,50,50,56
1621,Montenegro,MNE,2016,77,90,50,72
1622,Mongolia,MNG,2016,87,100,60,82
1623,Mozambique,MOZ,2016,93,60,60,71
1624,Mauritania,MRT,2016,87,40,50,59
1625,Mauritius,MUS,2016,83,90,100,91
1626,Malawi,MWI,2016,93,80,50,74
1627,Malaysia,MYS,2016,83,80,70,78
1628,Namibia,NAM,2016,77,60,40,59
1629,Niger,NER,2016,93,80,40,71
1630,Nigeria,NGA,2016,83,80,40,68
1631,Nicaragua,NIC,2016,80,70,60,70
1632,Nepal,NPL,2016,90,70,50,70
1633,Pakistan,PAK,2016,97,60,70,76
1634,Panama,PAN,2016,90,80,50,73
1635,Peru,PER,2016,100,80,100,93
1636,Philippines,PHL,2016,87,100,60,82
1637,Palau,PLW,2016,57,50,40,49
1638,Papua New Guinea,PNG,2016,70,40,40,50
1639,Poland,POL,2016,73,80,80,78
1640,Paraguay,PRY,2016,90,80,40,70
1641,Romania,ROU,2016,73,80,80,78
1642,Russian Federation,RUS,2016,73,80,90,81
1643,Rwanda,RWA,2016,90,70,50,70
1644,Sudan,SDN,2016,80,60,50,63
1645,Senegal,SEN,2016,87,80,60,76
1646,Solomon Islands,SLB,2016,67,50,30,49
1647,Sierra Leone,SLE,2016,90,50,50,63
1648,El Salvador,SLV,2016,97,100,80,92
1649,Somalia,SOM,2016,50,10,0,20
1650,Serbia,SRB,2016,90,100,80,90
1651,Sao Tome and Principe,STP,2016,70,70,40,60
1652,Suriname,SUR,2016,77,70,50,66
1653,Swaziland,SWZ,2016,87,40,40,56
1654,Seychelles,SYC,2016,60,70,80,70
1655,Syrian Arab Republic,SYR,2016,63,30,20,38
1656,Chad,TCD,2016,83,50,30,54
1657,Togo,TGO,2016,87,70,50,69
1658,Thailand,THA,2016,87,80,90,86
1659,Tajikistan,TJK,2016,93,80,70,81
1660,Turkmenistan,TKM,2016,43,30,30,34
1661,Timor-Leste,TLS,2016,80,70,50,67
1662,Tonga,TON,2016,67,40,50,52
1663,Trinidad and Tobago,TTO,2016,63,70,50,61
1664,Tunisia,TUN,2016,80,70,80,77
1665,Turkey,TUR,2016,83,70,80,78
1666,Tanzania,TZA,2016,90,80,50,73
1667,Uganda,UGA,2016,87,80,40,69
1668,Ukraine,UKR,2016,90,60,100,83
1669,Uruguay,URY,2016,87,100,80,89
1670,Uzbekistan,UZB,2016,67,30,50,49
1671,St. Vincent and the Grenadines,VCT,2016,70,40,70,60
1672,"Venezuela, RB",VEN,2016,97,80,70,82
1673,Vietnam,VNM,2016,87,100,60,82
1674,Vanuatu,VUT,2016,60,70,20,50
1675,Samoa,WSM,2016,63,50,50,54
1676,"Yemen, Rep.",YEM,2016,73,30,40,48
1677,South Africa,ZAF,2016,87,80,80,82
1678,Zambia,ZMB,2016,80,50,30,53
1679,Zimbabwe,ZWE,2016,77,60,30,56
1680,Afghanistan,AFG,2017,73,40,40,51
1681,Angola,AGO,2017,67,40,30,46
1682,Albania,ALB,2017,97,100,70,89
1683,Argentina,ARG,2017,87,90,80,86
1684,Armenia,ARM,2017,83,100,90,91
1685,Antigua and Barbuda,ATG,2017,63,60,40,54
1686,Azerbaijan,AZE,2017,87,80,80,82
1687,Burundi,BDI,2017,90,50,50,63
1688,Benin,BEN,2017,90,80,50,73
1689,Burkina Faso,BFA,2017,90,80,50,73
1690,Bangladesh,BGD,2017,90,70,50,70
1691,Bulgaria,BGR,2017,93,80,90,88
1692,Bosnia and Herzegovina,BIH,2017,67,70,60,66
1693,Belarus,BLR,2017,93,80,90,88
1694,Belize,BLZ,2017,87,60,40,62
1695,Bolivia,BOL,2017,93,80,30,68
1696,Brazil,BRA,2017,83,60,80,74
1697,Bhutan,BTN,2017,77,70,50,66
1698,Botswana,BWA,2017,70,40,40,50
1699,Central African Republic,CAF,2017,77,20,20,39
1700,Chile,CHL,2017,100,100,80,93
1701,China,CHN,2017,87,50,100,79
1702,Cote d'Ivoire,CIV,2017,90,50,60,67
1703,Cameroon,CMR,2017,90,70,50,70
1704,"Congo, Dem. Rep.",COD,2017,90,20,30,47
1705,"Congo, Rep.",COG,2017,77,40,30,49
1706,Colombia,COL,2017,97,80,90,89
1707,Comoros,COM,2017,70,0,20,30
1708,Cabo Verde,CPV,2017,83,60,60,68
1709,Costa Rica,CRI,2017,93,80,90,88
1710,Djibouti,DJI,2017,83,40,40,54
1711,Dominica,DMA,2017,53,60,60,58
1712,Dominican Republic,DOM,2017,100,80,70,83
1713,Algeria,DZA,2017,83,40,60,61
1714,Ecuador,ECU,2017,97,40,70,69
1715,"Egypt, Arab Rep.",EGY,2017,90,90,70,83
1716,Eritrea,ERI,2017,67,0,20,29
1717,Ethiopia,ETH,2017,90,80,40,70
1718,Fiji,FJI,2017,80,80,50,70
1719,"Micronesia, Fed. Sts.",FSM,2017,57,30,10,32
1720,Gabon,GAB,2017,60,20,30,37
1721,Georgia,GEO,2017,90,80,90,87
1722,Ghana,GHA,2017,97,50,60,69
1723,Guinea,GIN,2017,87,40,30,52
1724,"Gambia, The",GMB,2017,80,60,50,63
1725,Guinea-Bissau,GNB,2017,73,40,30,48
1726,Equatorial Guinea,GNQ,2017,67,40,30,46
1727,Grenada,GRD,2017,60,60,40,53
1728,Guatemala,GTM,2017,97,90,50,79
1729,Guyana,GUY,2017,77,40,50,56
1730,Honduras,HND,2017,93,80,40,71
1731,Croatia,HRV,2017,90,80,80,83
1732,Haiti,HTI,2017,70,20,20,37
1733,Indonesia,IDN,2017,100,80,80,87
1734,India,IND,2017,93,80,100,91
1735,"Iran, Islamic Rep.",IRN,2017,87,80,60,76
1736,Iraq,IRQ,2017,67,60,30,52
1737,Jamaica,JAM,2017,73,80,60,71
1738,Jordan,JOR,2017,87,80,60,76
1739,Kazakhstan,KAZ,2017,97,100,90,96
1740,Kenya,KEN,2017,73,40,60,58
1741,Kyrgyz Republic,KGZ,2017,100,80,90,90
1742,Cambodia,KHM,2017,80,80,30,63
1743,Kiribati,KIR,2017,60,20,40,40
1744,St. Kitts and Nevis,KNA,2017,70,40,40,50
1745,Lao PDR,LAO,2017,93,60,50,68
1746,Lebanon,LBN,2017,80,70,50,67
1747,Liberia,LBR,2017,80,60,40,60
1748,Libya,LBY,2017,37,20,10,22
1749,St. Lucia,LCA,2017,53,60,60,58
1750,Sri Lanka,LKA,2017,90,80,80,83
1751,Lesotho,LSO,2017,87,60,40,62
1752,Morocco,MAR,2017,80,70,80,77
1753,Moldova,MDA,2017,97,80,100,92
1754,Madagascar,MDG,2017,90,30,50,57
1755,Maldives,MDV,2017,57,40,60,52
1756,Mexico,MEX,2017,90,100,90,93
1757,Marshall Islands,MHL,2017,57,30,10,32
1758,"Macedonia, FYR",MKD,2017,93,80,70,81
1759,Mali,MLI,2017,87,80,30,66
1760,Myanmar,MMR,2017,73,80,40,64
1761,Montenegro,MNE,2017,90,80,60,77
1762,Mongolia,MNG,2017,87,100,50,79
1763,Mozambique,MOZ,2017,87,70,50,69
1764,Mauritania,MRT,2017,90,40,40,57
1765,Mauritius,MUS,2017,77,80,100,86
1766,Malawi,MWI,2017,93,80,60,78
1767,Malaysia,MYS,2017,93,80,70,81
1768,Namibia,NAM,2017,70,60,40,57
1769,Niger,NER,2017,97,80,40,72
1770,Nigeria,NGA,2017,80,80,30,63
1771,Nicaragua,NIC,2017,77,70,60,69
1772,Nepal,NPL,2017,90,80,50,73
1773,Pakistan,PAK,2017,97,60,70,76
1774,Panama,PAN,2017,87,80,40,69
1775,Peru,PER,2017,100,80,90,90
1776,Philippines,PHL,2017,87,100,60,82
1777,Palau,PLW,2017,57,50,30,46
1778,Papua New Guinea,PNG,2017,70,30,30,43
1779,Poland,POL,2017,73,80,80,78
1780,Paraguay,PRY,2017,83,80,40,68
1781,Romania,ROU,2017,83,80,80,81
1782,Russian Federation,RUS,2017,80,80,90,83
1783,Rwanda,RWA,2017,93,80,60,78
1784,Sudan,SDN,2017,80,70,50,67
1785,Senegal,SEN,2017,90,80,60,77
1786,Solomon Islands,SLB,2017,67,50,40,52
1787,Sierra Leone,SLE,2017,87,50,40,59
1788,El Salvador,SLV,2017,97,100,80,92
1789,Somalia,SOM,2017,50,10,10,23
1790,Serbia,SRB,2017,100,100,80,93
1791,Sao Tome and Principe,STP,2017,80,80,50,70
1792,Suriname,SUR,2017,87,80,50,72
1793,Swaziland,SWZ,2017,87,40,50,59
1794,Seychelles,SYC,2017,77,70,90,79
1795,Syrian Arab Republic,SYR,2017,67,20,10,32
1796,Chad,TCD,2017,77,50,20,49
1797,Togo,TGO,2017,90,70,50,70
1798,Thailand,THA,2017,90,80,100,90
1799,Tajikistan,TJK,2017,93,80,60,78
1800,Turkmenistan,TKM,2017,47,30,30,36
1801,Timor-Leste,TLS,2017,73,70,50,64
1802,Tonga,TON,2017,67,40,50,52
1803,Trinidad and Tobago,TTO,2017,60,50,30,47
1804,Tunisia,TUN,2017,77,40,70,62
1805,Turkey,TUR,2017,87,70,100,86
1806,Tanzania,TZA,2017,83,80,50,71
1807,Uganda,UGA,2017,83,80,60,74
1808,Ukraine,UKR,2017,83,50,100,78
1809,Uruguay,URY,2017,87,100,70,86
1810,Uzbekistan,UZB,2017,73,30,50,51
1811,St. Vincent and the Grenadines,VCT,2017,70,40,60,57
1812,"Venezuela, RB",VEN,2017,97,60,50,69
1813,Vietnam,VNM,2017,90,100,60,83
1814,Vanuatu,VUT,2017,67,70,20,52
1815,Samoa,WSM,2017,63,60,50,58
1816,"Yemen, Rep.",YEM,2017,83,10,40,44
1817,South Africa,ZAF,2017,77,70,80,76
1818,Zambia,ZMB,2017,77,50,30,52
1819,Zimbabwe,ZWE,2017,80,60,40,60
